957 01,TC
957 01,TC
957 04,TC
957 01,TC
957 01,TC
957 01,TC
957 01,TC
957 01,TC
957 01,TC
957 04,TC
957 01,TC
957 01,TC
957 01,TC
957 01,TC
957 04,TC
957 01,TC
957 01,TC
957 01,TC
957 04,TC
957 04,TC
957 01,TC
957 01,TC
957 01,TC
957 01,TC
957 01,TC
957 01,TC
957 01,TC
957 01,TC
957 01,TC
957 01,TC
957 01,TC
957 01,TC
957 01,TC
957 01,TC
957 01,TC
957 01,TC
957 04,TC
957 01,TC
957 01,TC
957 01,TC
957 04,TC
957 01,TC
957 01,TC
957 04,TC
957 01,TC
957 01,TC
957 04,TC
957 01,TC
957 01,TC
957 01,TC
957 04,TC
957 01,TC
957 01,TC
957 01,TC
957 01,TC
957 04,TC
957 01,TC
957 01,TC
957 01,TC
957 01,TC
957 01,TC
957 01,TC
957 01,TC
957 01,TC
957 04,TC
957 01,TC
957 01,TC
957 01,TC
957 01,TC
957 04,TC
957 04,TC
957 01,TC
957 01,TC
957 04,TC
957 01,TC
957 01,TC
957 01,TC
957 01,TC
957 01,TC
957 01,TC
957 01,TC
957 01,TC
957 01,TC
957 01,TC
957 04,TC
974 01,BC
974 01,BC
974 11,BC
974 01,BC
974 05,BC
974 01,BC
974 01,BC
974 04,BC
974 01,BC
974 05,BC
974 01,BC
974 05,BC
974 11,BC
974 05,BC
974 05,BC
974 05,BC
974 01,BC
974 05,BC
974 05,BC
974 05,BC
974 09,BC
974 01,BC
974 01,BC
974 01,BC
974 01,BC
974 04,BC
974 05,BC
974 05,BC
974 01,BC
974 11,BC
974 01,BC
974 01,BC
974 01,BC
974 04,BC
974 01,BC
974 11,BC
974 11,BC
974 01,BC
974 11,BC
974 01,BC
974 01,BC
974 11,BC
974 09,BC
974 11,BC
974 01,BC
974 04,BC
974 01,BC
974 11,BC
974 04,BC
974 01,BC
974 11,BC
974 01,BC
974 01,BC
974 01,BC
974 01,BC
974 01,BC
974 01,BC
974 01,BC
974 04,BC
974 01,BC
974 11,BC
974 05,BC
974 11,BC
974 04,BC
974 01,BC
974 05,BC
974 01,BC
974 01,BC
974 01,BC
974 01,BC
974 05,BC
974 09,BC
974 11,BC
974 09,BC
974 04,BC
974 09,BC
974 01,BC
974 01,BC
974 05,BC
974 01,BC
974 04,BC
974 01,BC
974 01,BC
974 05,BC
974 11,BC
974 04,BC
974 01,BC
974 11,BC
974 01,BC
974 01,BC
974 01,BC
974 01,BC
974 11,BC
974 05,BC
974 05,BC
974 11,BC
974 01,BC
974 04,BC
974 01,BC
974 01,BC
974 04,BC
974 01,BC
974 01,BC
974 01,BC
974 05,BC
974 09,BC
974 09,BC
974 09,BC
974 01,BC
974 01,BC
974 01,BC
974 01,BC
974 11,BC
974 01,BC
974 05,BC
974 05,BC
974 11,BC
974 11,BC
974 05,BC
974 01,BC
974 01,BC
974 01,BC
974 01,BC
974 01,BC
974 04,BC
974 11,BC
974 09,BC
974 05,BC
974 04,BC
974 01,BC
974 09,BC
974 11,BC
974 01,BC
974 01,BC
974 01,BC
974 09,BC
974 05,BC
974 11,BC
974 11,BC
974 01,BC
974 11,BC
974 01,BC
974 01,BC
974 09,BC
974 11,BC
974 01,BC
974 01,BC
974 01,BC
974 01,BC
974 01,BC
974 05,BC
974 01,BC
974 01,BC
974 04,BC
974 04,BC
974 04,BC
974 01,BC
974 11,BC
974 04,BC
974 05,BC
974 04,BC
974 05,BC
974 01,BC
974 01,BC
974 09,BC
974 01,BC
974 01,BC
974 11,BC
974 11,BC
974 11,BC
974 09,BC
974 11,BC
974 01,BC
974 01,BC
974 01,BC
974 11,BC
974 09,BC
974 05,BC
974 01,BC
974 01,BC
974 05,BC
974 01,BC
974 09,BC
974 05,BC
974 01,BC
974 09,BC
974 09,BC
974 01,BC
974 05,BC
974 05,BC
974 05,BC
974 01,BC
974 05,BC
974 11,BC
974 01,BC
974 11,BC
974 01,BC
974 11,BC
974 04,BC
974 11,BC
974 01,BC
974 01,BC
974 11,BC
974 09,BC
974 01,BC
974 05,BC
974 04,BC
974 01,BC
974 05,BC
974 05,BC
974 04,BC
974 11,BC
974 01,BC
974 01,BC
974 11,BC
974 11,BC
974 05,BC
974 01,BC
974 11,BC
974 05,BC
974 05,BC
974 11,BC
974 04,BC
974 01,BC
974 05,BC
974 01,BC
974 01,BC
974 01,BC
974 01,BC
974 01,BC
974 04,BC
974 01,BC
974 09,BC
974 11,BC
974 01,BC
974 04,BC
974 01,BC
974 01,BC
974 04,BC
974 01,BC
974 04,BC
974 01,BC
974 09,BC
974 01,BC
974 11,BC
974 01,BC
974 09,BC
974 04,BC
974 01,BC
974 09,BC
974 09,BC
974 04,BC
974 05,BC
974 05,BC
974 05,BC
974 01,BC
969 01,BC
969 01,BC
969 01,BC
969 01,BC
969 01,BC
969 01,BC
969 01,BC
969 01,BC
969 01,BC
969 01,BC
969 01,BC
969 01,BC
969 01,BC
969 01,BC
969 01,BC
969 01,BC
969 01,BC
969 01,BC
969 01,BC
969 01,BC
969 01,BC
969 01,BC
969 01,BC
969 01,BC
969 01,BC
969 01,BC
969 01,BC
969 01,BC
969 01,BC
969 01,BC
969 01,BC
969 01,BC
969 01,BC
969 01,BC
969 01,BC
969 01,BC
969 01,BC
969 01,BC
969 01,BC
969 01,BC
969 01,BC
969 01,BC
969 01,BC
969 01,BC
969 01,BC
969 01,BC
969 01,BC
969 01,BC
969 01,BC
969 01,BC
969 01,BC
969 01,BC
969 01,BC
969 01,BC
969 01,BC
969 01,BC
969 01,BC
969 01,BC
969 01,BC
969 01,BC
969 01,BC
969 01,BC
969 01,BC
969 01,BC
969 01,BC
969 01,BC
969 01,BC
969 01,BC
969 01,BC
969 01,BC
969 01,BC
969 01,BC
969 01,BC
969 01,BC
969 01,BC
969 01,BC
969 01,BC
969 01,BC
969 01,BC
969 01,BC
969 01,BC
969 01,BC
969 01,BC
969 01,BC
969 01,BC
969 01,BC
969 01,BC
969 01,BC
969 01,BC
969 01,BC
969 01,BC
969 01,BC
969 01,BC
969 01,BC
969 01,BC
969 01,BC
969 01,BC
969 01,BC
969 01,BC
969 01,BC
969 01,BC
969 01,BC
969 01,BC
969 01,BC
969 01,BC
969 01,BC
969 01,BC
969 01,BC
969 01,BC
969 01,BC
969 01,BC
969 01,BC
969 01,BC
969 01,BC
969 01,BC
969 01,BC
969 01,BC
969 01,BC
969 01,BC
969 01,BC
969 01,BC
969 01,BC
969 01,BC
969 01,BC
969 01,BC
969 01,BC
969 01,BC
969 01,BC
969 01,BC
969 01,BC
969 01,BC
969 01,BC
969 01,BC
969 01,BC
969 01,BC
969 01,BC
969 01,BC
969 01,BC
969 01,BC
969 01,BC
969 01,BC
969 01,BC
969 01,BC
969 01,BC
969 01,BC
969 01,BC
969 01,BC
969 01,BC
969 01,BC
969 01,BC
969 01,BC
969 01,BC
969 01,BC
969 01,BC
969 01,BC
969 01,BC
969 01,BC
969 01,BC
969 01,BC
969 01,BC
969 01,BC
969 01,BC
841 05,BL
,BL
841 01,BL
831 02,BL
831 06,BL
821 03,BL
821 09,BL
821 09,BL
,BL
,BL
831 06,BL
,BL
811 09,BL
851 04,BL
821 07,BL
851 02,BL
831 01,BL
821 04,BL
831 02,BL
811 08,BL
811 07,BL
821 06,BL
,BL
821 03,BL
811 06,BL
851 01,BL
811 07,BL
811 05,BL
821 07,BL
851 10,BL
851 07,BL
821 06,BL
821 02,BL
821 01,BL
851 10,BL
851 10,BL
841 10,BL
821 01,BL
821 08,BL
821 03,BL
841 01,BL
830 06,BL
821 07,BL
821 03,BL
831 04,BL
821 09,BL
821 08,BL
821 05,BL
821 02,BL
821 01,BL
821 08,BL
841 03,BL
851 10,BL
821 07,BL
821 03,BL
811 04,BL
831 07,BL
841 04,BL
811 06,BL
821 04,BL
831 02,BL
831 01,BL
831 06,BL
811 02,BL
811 03,BL
831 04,BL
811 03,BL
841 01,BL
821 07,BL
821 08,BL
841 01,BL
821 05,BL
811 01,BL
821 07,BL
821 04,BL
841 04,BL
821 07,BL
841 04,BL
831 04,BL
831 01,BL
851 01,BL
831 01,BL
811 05,BL
,BL
851 06,BL
821 04,BL
,BL
811 05,BL
841 05,BL
,BL
841 01,BL
811 07,BL
811 05,BL
851 07,BL
841 02,BL
811 09,BL
811 01,BL
821 04,BL
821 06,BL
,BL
841 01,BL
821 06,BL
811 05,BL
851 04,BL
831 02,BL
821 07,BL
841 08,BL
811 07,BL
841 05,BL
821 04,BL
821 07,BL
821 07,BL
821 07,BL
851 01,BL
811 04,BL
831 04,BL
821 06,BL
821 06,BL
821 07,BL
841 03,BL
821 03,BL
821 07,BL
841 04,BL
851 04,BL
831 01,BL
841 01,BL
841 04,BL
811 09,BL
811 04,BL
811 02,BL
851 02,BL
811 03,BL
851 05,BL
830 04,BL
841 06,BL
851 01,BL
831 01,BL
821 02,BL
821 07,BL
831 03,BL
841 07,BL
841 07,BL
831 02,BL
841 10,BL
841 01,BL
811 04,BL
821 05,BL
841 04,BL
821 07,BL
851 10,BL
811 03,BL
841 08,BL
,BL
841 06,BL
831 01,BL
811 04,BL
821 07,BL
851 06,BL
851 06,BL
851 05,BL
811 04,BL
821 08,BL
831 02,BL
831 03,BL
841 01,BL
811 02,BL
,BL
831 06,BL
811 04,BL
821 04,BL
851 04,BL
841 01,BL
831 52,BL
831 07,BL
851 10,BL
821 03,BL
841 07,BL
851 07,BL
841 02,BL
821 04,BL
831 01,BL
,BL
831 01,BL
831 01,BL
841 04,BL
811 04,BL
831 01,BL
841 03,BL
,BL
821 04,BL
831 06,BL
,BL
841 05,BL
811 08,BL
831 02,BL
,BL
851 10,BL
811 08,BL
,BL
821 07,BL
831 54,BL
831 53,BL
821 08,BL
831 06,BL
831 01,BL
811 05,BL
811 04,BL
821 07,BL
821 02,BL
821 05,BL
851 01,BL
811 04,BL
841 04,BL
841 04,BL
821 05,BL
811 03,BL
811 04,BL
831 01,BL
831 53,BL
831 51,BL
851 01,BL
831 06,BL
841 01,BL
811 03,BL
,BL
831 03,BL
831 03,BL
841 06,BL
841 01,BL
821 07,BL
831 07,BL
821 07,BL
821 09,BL
821 03,BL
811 02,BL
831 01,BL
821 07,BL
811 09,BL
851 01,BL
841 01,BL
811 03,BL
851 01,BL
821 01,BL
821 08,BL
841 07,BL
841 10,BL
831 06,BL
,BL
831 01,BL
831 06,BL
821 06,BL
831 01,BL
841 04,BL
841 10,BL
841 07,BL
851 10,BL
851 10,BL
841 04,BL
841 04,BL
841 04,BL
821 06,BL
811 09,BL
811 02,BL
811 08,BL
811 05,BL
811 04,BL
821 08,BL
821 04,BL
,BL
811 04,BL
841 10,BL
841 10,BL
851 04,BL
851 10,BL
821 07,BL
851 10,BL
821 05,BL
821 05,BL
841 04,BL
811 06,BL
841 06,BL
831 06,BL
831 07,BL
811 09,BL
821 02,BL
841 01,BL
811 06,BL
821 03,BL
821 02,BL
821 01,BL
841 01,BL
811 04,BL
811 02,BL
811 02,BL
831 01,BL
851 10,BL
821 02,BL
821 06,BL
831 04,BL
,BL
851 02,BL
811 04,BL
841 02,BL
841 04,BL
851 02,BL
821 07,BL
821 09,BL
821 08,BL
831 01,BL
811 08,BL
831 01,BL
831 01,BL
821 07,BL
821 06,BL
811 02,BL
821 04,BL
821 07,BL
851 01,BL
841 07,BL
831 04,BL
821 06,BL
821 07,BL
821 03,BL
841 05,BL
841 04,BL
811 02,BL
811 03,BL
821 05,BL
811 01,BL
851 01,BL
811 07,BL
841 02,BL
851 01,BL
811 08,BL
811 01,BL
821 05,BL
851 10,BL
851 10,BL
831 04,BL
851 10,BL
851 10,BL
811 05,BL
811 07,BL
811 05,BL
811 08,BL
811 04,BL
831 01,BL
811 01,BL
811 01,BL
851 10,BL
,BL
851 04,BL
851 03,BL
841 03,BL
831 52,BL
841 05,BL
821 05,BL
821 03,BL
821 01,BL
841 06,BL
821 06,BL
811 09,BL
821 02,BL
811 06,BL
841 01,BL
841 02,BL
821 04,BL
821 04,BL
821 04,BL
811 04,BL
831 03,BL
841 06,BL
831 06,BL
821 08,BL
821 06,BL
821 07,BL
851 01,BL
851 10,BL
851 03,BL
851 04,BL
840 09,BL
811 06,BL
851 01,BL
821 03,BL
811 02,BL
851 01,BL
811 04,BL
811 01,BL
,
821 03,BL
841 10,BL
811 09,BL
821 05,BL
811 05,BL
831 01,BL
821 09,BL
,BL
851 04,BL
821 01,BL
841 10,BL
851 10,BL
831 51,BL
831 52,BL
851 10,BL
831 03,BL
831 03,BL
851 01,BL
821 09,BL
821 04,BL
851 01,BL
841 02,BL
841 01,BL
841 05,BL
841 06,BL
851 01,BL
841 01,BL
821 04,BL
831 03,BL
841 03,BL
811 04,BL
811 04,BL
811 02,BL
831 51,BL
,BL
821 03,BL
821 02,BL
811 08,BL
841 03,BL
841 05,BL
811 03,BL
831 01,BL
811 01,BL
821 06,BL
811 05,BL
811 04,BL
831 54,BL
831 52,BL
841 04,BL
821 07,BL
831 03,BL
821 07,BL
841 04,BL
841 03,BL
841 03,BL
840 02,BL
811 06,BL
811 04,BL
851 05,BL
811 08,BL
811 03,BL
,BL
841 02,BL
821 09,BL
821 09,BL
821 07,BL
821 07,BL
831 52,BL
831 01,BL
821 07,BL
830 00,BL
,BL
831 02,BL
831 02,BL
831 52,BL
,BL
831 07,BL
831 01,BL
811 01,BL
841 07,BL
841 10,BL
811 01,BL
821 07,BL
821 05,BL
,BL
851 10,BL
821 05,BL
850 09,BL
831 01,BL
811 02,BL
821 05,BL
811 02,BL
851 02,BL
851 01,BL
811 04,BL
,BL
821 07,BL
,BL
831 01,BL
831 06,BL
821 07,BL
831 54,BL
831 53,BL
841 04,BL
851 07,BL
811 03,BL
811 06,BL
811 03,BL
831 01,BL
841 01,BL
841 10,BL
821 06,BL
821 07,BL
821 06,BL
811 02,BL
821 07,BL
831 06,BL
821 06,BL
811 04,BL
811 09,BL
841 07,BL
831 04,BL
831 06,BL
821 03,BL
821 07,BL
811 08,BL
811 07,BL
851 10,BL
831 01,BL
821 07,BL
841 02,BL
821 07,BL
831 06,BL
851 01,BL
841 04,BL
841 07,BL
851 10,BL
821 07,BL
,BL
811 03,BL
811 01,BL
821 07,BL
821 07,BL
851 10,BL
831 01,BL
841 05,BL
841 07,BL
851 10,BL
841 08,BL
821 03,BL
821 04,BL
831 02,BL
821 05,BL
831 07,BL
841 01,BL
821 02,BL
831 01,BL
821 04,BL
831 01,BL
811 09,BL
831 06,BL
831 01,BL
841 05,BL
841 08,BL
,BL
,BL
841 08,BL
841 06,BL
841 08,BL
841 05,BL
,BL
811 08,BL
811 02,BL
851 01,BL
,BL
821 06,BL
,BL
851 04,BL
811 04,BL
831 02,BL
841 04,BL
841 07,BL
851 10,BL
850 09,BL
851 06,BL
821 09,BL
821 05,BL
851 01,BL
831 03,BL
841 07,BL
811 04,BL
831 01,BL
821 04,BL
851 07,BL
821 05,BL
821 03,BL
811 03,BL
811 04,BL
831 03,BL
851 10,BL
821 07,BL
831 01,BL
811 06,BL
821 07,BL
821 08,BL
821 06,BL
821 08,BL
811 05,BL
831 01,BL
831 01,BL
821 02,BL
811 02,BL
821 07,BL
851 01,BL
831 04,BL
821 06,BL
,BL
,BL
851 10,BL
841 06,BL
811 06,BL
831 01,BL
831 04,BL
851 01,BL
831 01,BL
,BL
841 04,BL
831 06,BL
811 02,BL
831 02,BL
811 07,BL
841 01,BL
811 04,BL
851 10,BL
811 04,BL
831 55,BL
831 53,BL
831 52,BL
831 51,BL
831 06,BL
831 06,BL
831 04,BL
821 07,BL
841 07,BL
821 07,BL
821 04,BL
811 08,BL
,BL
831 06,BL
830 05,BL
830 07,BL
851 10,BL
851 01,BL
811 01,BL
851 07,BL
831 06,BL
811 03,BL
821 02,BL
821 08,BL
811 09,BL
811 08,BL
811 07,BL
841 04,BL
841 04,BL
,BL
811 05,BL
831 06,BL
,BL
821 04,BL
821 05,BL
831 07,BL
851 01,BL
821 06,BL
821 06,BL
821 07,BL
851 10,BL
841 04,BL
821 06,BL
851 01,BL
821 05,BL
811 03,BL
821 07,BL
821 05,BL
831 04,BL
821 04,BL
811 09,BL
,BL
831 01,BL
841 01,BL
821 08,BL
811 01,BL
851 01,BL
821 05,BL
831 01,BL
811 07,BL
831 06,BL
821 08,BL
851 04,BL
821 08,BL
831 06,BL
811 06,BL
841 05,BL
841 06,BL
811 07,BL
811 06,BL
851 01,BL
821 05,BL
821 03,BL
821 02,BL
821 06,BL
811 01,BL
831 04,BL
841 05,BL
831 07,BL
831 07,BL
821 05,BL
841 04,BL
811 03,BL
821 04,BL
851 01,BL
821 04,BL
841 02,BL
841 01,BL
841 01,BL
811 02,BL
851 10,BL
811 03,BL
851 10,BL
841 10,BL
821 06,BL
841 07,BL
821 07,BL
,BL
821 03,BL
811 01,BL
,BL
821 09,BL
821 08,BL
821 08,BL
851 10,BL
831 04,BL
821 04,BL
821 06,BL
811 03,BL
830 00,BL
841 10,BL
821 02,BL
851 10,BL
821 07,BL
851 10,BL
,BL
831 01,BL
821 06,BL
821 07,BL
821 04,BL
811 03,BL
,BL
,BL
,BL
811 02,BL
821 04,BL
831 02,BL
821 05,BL
,BL
851 07,BL
851 01,BL
831 07,BL
811 03,BL
811 04,BL
841 10,BL
841 07,BL
851 01,BL
841 05,BL
821 07,BL
841 02,BL
811 04,BL
811 04,BL
831 04,BL
821 08,BL
811 07,BL
811 07,BL
811 03,BL
821 07,BL
821 04,BL
,BL
851 01,BL
831 06,BL
811 04,BL
851 01,BL
841 01,BL
841 04,BL
831 07,BL
831 03,BL
831 03,BL
821 08,BL
821 04,BL
841 03,BL
821 08,BL
811 02,BL
831 01,BL
851 02,BL
841 06,BL
831 03,BL
811 06,BL
821 08,BL
821 06,BL
821 08,BL
811 05,BL
831 02,BL
811 04,BL
831 04,BL
841 04,BL
851 10,BL
831 01,BL
841 04,BL
811 05,BL
831 01,BL
851 03,BL
821 05,BL
841 04,BL
841 03,BL
811 04,BL
831 03,BL
841 01,BL
811 09,BL
811 04,BL
821 01,BL
831 03,BL
851 10,BL
821 07,BL
811 04,BL
811 01,BL
811 09,BL
811 08,BL
831 52,BL
841 03,BL
831 02,BL
831 04,BL
811 07,BL
811 06,BL
811 05,BL
821 07,BL
851 01,BL
,BL
811 05,BL
811 04,BL
851 10,BL
811 04,BL
831 03,BL
820 01,BL
831 03,BL
821 07,BL
841 04,BL
821 08,BL
851 01,BL
821 04,BL
821 06,BL
821 07,BL
821 06,BL
851 06,BL
811 03,BL
831 01,BL
831 01,BL
821 06,BL
821 07,BL
811 02,BL
841 01,BL
821 09,BL
831 06,BL
821 05,BL
821 08,BL
841 04,BL
841 04,BL
811 02,BL
831 03,BL
841 10,BL
811 09,BL
851 10,BL
851 10,BL
831 02,BL
821 06,BL
811 04,BL
841 06,BL
851 01,BL
811 03,BL
831 02,BL
831 04,BL
851 07,BL
841 07,BL
,BL
831 03,BL
841 05,BL
,BL
,BL
,BL
821 04,BL
811 08,BL
821 05,BL
851 04,BL
811 03,BL
841 04,BL
841 01,BL
821 02,BL
821 06,BL
851 10,BL
831 04,BL
841 07,BL
821 07,BL
831 01,BL
851 01,BL
821 06,BL
811 04,BL
841 05,BL
,BL
821 07,BL
811 07,BL
821 07,BL
851 01,BL
821 07,BL
831 03,BL
811 02,BL
831 52,BL
821 05,BL
811 04,BL
821 07,BL
841 03,BL
850 00,BL
811 08,BL
851 04,BL
851 03,BL
851 10,BL
831 01,BL
851 01,BL
,BL
821 07,BL
821 07,BL
811 08,BL
851 04,BL
851 04,BL
851 01,BL
811 06,BL
821 03,BL
,BL
,BL
841 02,BL
821 09,BL
821 01,BL
811 02,BL
821 05,BL
811 06,BL
841 05,BL
831 03,BL
821 07,BL
831 01,BL
811 04,BL
841 07,BL
811 02,BL
841 10,BL
821 07,BL
,BL
811 01,BL
821 01,BL
,BL
821 02,BL
831 03,BL
821 02,BL
821 08,BL
811 07,BL
821 05,BL
811 03,BL
831 02,BL
811 01,BL
841 08,BL
841 07,BL
821 09,BL
821 08,BL
811 06,BL
811 04,BL
811 04,BL
841 10,BL
821 09,BL
851 03,BL
841 07,BL
841 04,BL
811 04,BL
811 02,BL
821 05,BL
821 09,BL
821 09,BL
821 05,BL
821 05,BL
811 09,BL
831 02,BL
821 07,BL
831 06,BL
821 08,BL
821 04,BL
841 04,BL
821 03,BL
841 04,BL
821 06,BL
841 07,BL
831 03,BL
851 10,BL
811 08,BL
851 01,BL
821 07,BL
811 02,BL
811 03,BL
821 05,BL
841 02,BL
811 05,BL
811 02,BL
821 06,BL
821 08,BL
,BL
831 06,BL
831 06,BL
811 04,BL
811 03,BL
811 01,BL
851 01,BL
841 10,BL
811 04,BL
840 09,BL
821 01,BL
831 02,BL
811 02,BL
811 03,BL
811 07,BL
811 05,BL
811 04,BL
841 03,BL
811 05,BL
831 07,BL
841 07,BL
831 52,BL
841 06,BL
851 10,BL
811 02,BL
841 07,BL
811 04,BL
841 07,BL
811 02,BL
821 04,BL
821 04,BL
831 06,BL
841 07,BL
831 06,BL
831 06,BL
821 02,BL
831 01,BL
821 05,BL
831 01,BL
841 04,BL
831 01,BL
841 04,BL
841 07,BL
831 52,BL
811 06,BL
831 01,BL
811 04,BL
811 06,BL
821 04,BL
831 01,BL
841 06,BL
841 01,BL
811 01,BL
841 07,BL
821 05,BL
831 01,BL
841 05,BL
811 02,BL
,BL
,BL
,BL
,BL
,BL
,BL
851 01,BL
841 04,BL
841 10,BL
831 07,BL
831 06,BL
811 02,BL
841 05,BL
841 04,BL
841 04,BL
841 04,BL
,BL
821 06,BL
821 06,BL
811 06,BL
841 07,BL
811 01,BL
,BL
831 06,BL
831 02,BL
,BL
,BL
,BL
,BL
,BL
,BL
,BL
851 03,BL
,BL
,BL
,BL
,BL
841 08,BL
851 01,BL
,BL
,BL
,BL
,BL
,BL
,BL
,BL
811 02,BL
,BL
,BL
811 07,BL
,BL
,BL
,BL
,BL
,BL
,BL
,BL
,BL
841 06,BL
,BL
,BL
811 06,BL
811 04,BL
811 06,BL
811 01,BL
841 04,BL
841 06,BL
,BL
,BL
,BL
,BL
,BL
,BL
821 01,BL
811 01,BL
821 07,BL
841 02,BL
811 04,BL
,BL
841 01,BL
821 04,BL
821 01,BL
841 06,BL
821 01,BL
821 06,BL
821 08,BL
821 08,BL
821 05,BL
831 02,BL
851 01,BL
831 03,BL
831 01,BL
831 06,BL
831 04,BL
841 04,BL
821 05,BL
821 05,BL
821 05,BL
821 05,BL
821 05,BL
821 05,BL
821 05,BL
821 05,BL
831 03,BL
851 01,BL
841 01,BL
831 06,BL
821 09,BL
851 10,BL
811 06,BL
811 04,BL
811 04,BL
841 07,BL
831 54,BL
821 02,BL
811 06,BL
831 06,BL
821 06,BL
851 02,BL
831 04,BL
831 02,BL
811 08,BL
811 07,BL
821 06,BL
821 05,BL
811 04,BL
821 04,BL
831 04,BL
851 10,BL
811 09,BL
831 01,BL
831 06,BL
821 08,BL
821 03,BL
831 06,BL
851 10,BL
831 01,BL
841 07,BL
831 06,BL
821 09,BL
821 06,BL
851 04,BL
821 05,BL
821 06,BL
821 07,BL
821 07,BL
821 05,BL
831 02,BL
831 03,BL
851 10,BL
821 07,BL
841 01,BL
831 07,BL
811 04,BL
821 02,BL
821 07,BL
851 03,BL
821 05,BL
831 02,BL
821 06,BL
851 10,BL
831 02,BL
851 10,BL
851 04,BL
841 02,BL
831 01,BL
,BL
851 02,BL
811 02,BL
811 05,BL
811 04,BL
,BL
,BL
821 07,BL
811 06,BL
811 03,BL
811 01,BL
821 08,BL
851 10,BL
811 03,BL
851 04,BL
851 04,BL
811 01,BL
821 03,BL
821 01,BL
,BL
821 06,BL
821 08,BL
821 05,BL
811 03,BL
821 06,BL
831 04,BL
831 06,BL
811 02,BL
851 10,BL
841 06,BL
841 08,BL
821 04,BL
821 08,BL
831 03,BL
811 06,BL
821 01,BL
851 01,BL
831 52,BL
831 54,BL
831 52,BL
831 01,BL
841 02,BL
841 04,BL
821 06,BL
821 04,BL
851 10,BL
821 03,BL
821 06,BL
851 10,BL
821 07,BL
831 02,BL
831 01,BL
841 07,BL
821 04,BL
831 02,BL
851 01,BL
811 03,BL
851 10,BL
821 07,BL
831 02,BL
831 01,BL
,BL
821 01,BL
841 02,BL
840 02,BL
851 01,BL
821 02,BL
840 02,BL
821 07,BL
821 09,BL
841 06,BL
,BL
831 06,BL
831 03,BL
821 09,BL
831 03,BL
851 01,BL
821 07,BL
811 02,BL
841 03,BL
821 07,BL
811 04,BL
831 01,BL
841 10,BL
831 01,BL
841 04,BL
831 07,BL
841 07,BL
841 03,BL
841 04,BL
841 10,BL
841 07,BL
831 01,BL
831 01,BL
831 07,BL
811 02,BL
841 02,BL
841 01,BL
841 03,BL
821 07,BL
831 06,BL
841 03,BL
841 07,BL
811 04,BL
811 03,BL
831 06,BL
840 08,BL
831 01,BL
841 10,BL
841 03,BL
821 03,BL
831 02,BL
821 07,BL
811 05,BL
821 06,BL
821 07,BL
821 07,BL
821 07,BL
851 10,BL
831 03,BL
821 02,BL
841 01,BL
811 08,BL
821 07,BL
840 08,BL
851 04,BL
811 07,BL
821 02,BL
,BL
841 07,BL
831 06,BL
841 01,BL
821 06,BL
811 06,BL
811 06,BL
831 06,BL
841 02,BL
831 03,BL
841 03,BL
811 07,BL
811 05,BL
821 06,BL
831 07,BL
821 07,BL
831 01,BL
811 04,BL
811 04,BL
811 01,BL
811 02,BL
821 08,BL
821 02,BL
821 02,BL
831 02,BL
831 04,BL
831 03,BL
,BL
811 04,BL
811 03,BL
821 06,BL
831 06,BL
841 02,BL
831 07,BL
,BL
841 07,BL
851 01,BL
831 04,BL
851 01,BL
831 07,BL
831 04,BL
821 04,BL
831 07,BL
811 04,BL
831 06,BL
851 10,BL
821 06,BL
,BL
831 06,BL
,BL
821 04,BL
841 10,BL
831 04,BL
811 09,BL
811 09,BL
821 09,BL
841 05,BL
841 03,BL
841 06,BL
831 03,BL
821 07,BL
821 06,BL
821 08,BL
821 09,BL
821 08,BL
821 09,BL
821 09,BL
821 05,BL
831 07,BL
831 03,BL
811 01,BL
841 07,BL
821 06,BL
821 09,BL
821 09,BL
851 01,BL
811 04,BL
851 01,BL
821 05,BL
831 01,BL
811 02,BL
821 06,BL
831 06,BL
841 04,BL
841 04,BL
811 04,BL
841 06,BL
831 01,BL
841 03,BL
831 02,BL
831 02,BL
831 06,BL
831 53,BL
831 54,BL
831 54,BL
831 02,BL
821 02,BL
821 04,BL
811 07,BL
811 01,BL
821 05,BL
811 01,BL
821 07,BL
821 07,BL
811 08,BL
841 03,BL
821 02,BL
821 05,BL
,BL
821 07,BL
821 07,BL
821 08,BL
851 10,BL
821 07,BL
,BL
821 07,BL
811 02,BL
851 10,BL
821 07,BL
831 06,BL
831 06,BL
841 02,BL
821 07,BL
851 10,BL
821 04,BL
831 03,BL
821 04,BL
811 02,BL
821 08,BL
821 01,BL
831 03,BL
831 02,BL
821 04,BL
821 07,BL
811 02,BL
811 02,BL
841 10,BL
831 02,BL
811 01,BL
831 03,BL
,BL
831 07,BL
851 02,BL
851 01,BL
821 05,BL
831 06,BL
841 06,BL
821 05,BL
851 02,BL
821 02,BL
831 01,BL
841 03,BL
821 04,BL
831 01,BL
831 04,BL
821 04,BL
821 01,BL
831 52,BL
811 02,BL
811 01,BL
831 06,BL
831 01,BL
821 01,BL
831 06,BL
850 09,BL
851 01,BL
831 06,BL
821 05,BL
821 03,BL
821 02,BL
821 01,BL
821 05,BL
821 09,BL
821 08,BL
811 01,BL
811 02,BL
831 07,BL
831 06,BL
831 06,BL
841 04,BL
841 10,BL
821 03,BL
821 02,BL
851 01,BL
831 06,BL
831 03,BL
841 07,BL
841 02,BL
,BL
821 08,BL
821 07,BL
811 08,BL
831 52,BL
821 03,BL
821 02,BL
811 01,BL
821 01,BL
841 03,BL
841 04,BL
841 04,BL
841 02,BL
841 06,BL
851 10,BL
831 03,BL
831 52,BL
,BL
811 04,BL
821 05,BL
851 10,BL
851 10,BL
851 10,BL
811 04,BL
841 01,BL
811 01,BL
831 02,BL
831 01,BL
811 09,BL
841 04,BL
821 05,BL
831 02,BL
811 01,BL
841 03,BL
831 06,BL
821 09,BL
811 02,BL
,BL
821 07,BL
831 07,BL
851 10,BL
811 06,BL
821 05,BL
821 07,BL
811 02,BL
811 06,BL
851 10,BL
811 01,BL
831 02,BL
831 03,BL
821 05,BL
821 06,BL
831 03,BL
821 07,BL
,BL
811 07,BL
841 10,BL
,BL
841 10,BL
841 07,BL
821 04,BL
821 05,BL
821 07,BL
821 04,BL
851 10,BL
811 03,BL
831 02,BL
851 05,BL
821 03,BL
831 01,BL
811 05,BL
,BL
831 01,BL
811 03,BL
811 04,BL
851 10,BL
841 01,BL
811 04,BL
821 03,BL
841 04,BL
811 06,BL
811 05,BL
851 01,BL
831 01,BL
841 07,BL
841 10,BL
821 09,BL
811 06,BL
821 04,BL
821 02,BL
831 03,BL
811 02,BL
821 05,BL
821 02,BL
841 03,BL
821 04,BL
,BL
821 05,BL
821 04,BL
831 01,BL
,BL
821 09,BL
831 06,BL
831 04,BL
811 04,BL
841 04,BL
831 02,BL
821 05,BL
851 05,BL
851 02,BL
811 03,BL
821 06,BL
851 10,BL
811 01,BL
821 07,BL
831 04,BL
841 10,BL
821 08,BL
841 05,BL
831 06,BL
811 01,BL
831 06,BL
831 01,BL
811 08,BL
831 02,BL
851 05,BL
821 04,BL
811 01,BL
831 06,BL
811 01,BL
841 01,BL
841 01,BL
841 06,BL
821 05,BL
831 01,BL
821 03,BL
821 05,BL
821 04,BL
841 03,BL
841 04,BL
831 06,BL
811 04,BL
831 01,BL
821 02,BL
831 01,BL
811 03,BL
841 04,BL
,BL
821 09,BL
821 05,BL
841 04,BL
821 02,BL
821 08,BL
,BL
,BL
821 03,BL
821 09,BL
821 08,BL
831 03,BL
851 10,BL
811 02,BL
841 04,BL
821 03,BL
,BL
811 03,BL
,BL
841 04,BL
821 05,BL
811 09,BL
811 02,BL
811 02,BL
821 08,BL
831 07,BL
821 07,BL
831 07,BL
821 01,BL
821 06,BL
831 04,BL
811 05,BL
811 04,BL
811 04,BL
821 03,BL
821 09,BL
851 06,BL
841 04,BL
851 01,BL
831 01,BL
821 06,BL
831 07,BL
851 05,BL
811 04,BL
821 07,BL
821 07,BL
831 07,BL
811 01,BL
811 07,BL
811 06,BL
831 03,BL
811 08,BL
821 07,BL
841 04,BL
811 08,BL
831 04,BL
851 01,BL
821 05,BL
821 03,BL
841 08,BL
841 07,BL
841 06,BL
811 04,BL
811 05,BL
811 06,BL
811 04,BL
821 03,BL
841 01,BL
811 06,BL
821 04,BL
841 10,BL
841 10,BL
811 02,BL
,BL
831 01,BL
821 05,BL
811 06,BL
811 03,BL
811 03,BL
821 08,BL
831 02,BL
831 06,BL
851 04,BL
831 07,BL
851 01,BL
841 02,BL
811 07,BL
811 04,BL
821 04,BL
811 04,BL
841 02,BL
811 02,BL
,BL
841 06,BL
841 02,BL
831 06,BL
,BL
831 03,BL
841 07,BL
841 07,BL
821 04,BL
821 09,BL
821 07,BL
821 05,BL
851 05,BL
831 02,BL
821 04,BL
821 02,BL
841 06,BL
831 03,BL
831 02,BL
831 07,BL
851 10,BL
811 02,BL
841 04,BL
811 06,BL
811 02,BL
821 03,BL
811 06,BL
841 05,BL
831 07,BL
831 04,BL
821 03,BL
821 02,BL
821 01,BL
821 01,BL
821 07,BL
851 05,BL
811 04,BL
821 07,BL
811 09,BL
851 10,BL
831 52,BL
841 02,BL
831 06,BL
821 02,BL
821 01,BL
821 03,BL
821 09,BL
811 06,BL
831 01,BL
841 01,BL
831 01,BL
831 04,BL
821 08,BL
821 02,BL
821 01,BL
821 04,BL
831 03,BL
,BL
851 10,BL
821 04,BL
831 02,BL
821 06,BL
841 06,BL
821 05,BL
831 06,BL
841 01,BL
831 01,BL
851 01,BL
831 04,BL
821 09,BL
851 10,BL
851 07,BL
811 03,BL
831 04,BL
821 07,BL
851 01,BL
821 06,BL
851 01,BL
811 02,BL
831 07,BL
821 05,BL
831 01,BL
841 07,BL
831 02,BL
841 07,BL
811 09,BL
811 09,BL
811 08,BL
811 07,BL
821 06,BL
831 07,BL
811 07,BL
841 01,BL
841 01,BL
811 05,BL
841 02,BL
841 02,BL
841 01,BL
841 06,BL
841 01,BL
831 07,BL
821 06,BL
851 10,BL
831 07,BL
841 06,BL
851 10,BL
821 06,BL
831 04,BL
811 04,BL
831 03,BL
821 02,BL
811 04,BL
851 10,BL
831 02,BL
811 01,BL
841 01,BL
841 10,BL
821 07,BL
811 01,BL
831 06,BL
811 02,BL
811 02,BL
831 02,BL
831 03,BL
831 04,BL
831 04,BL
831 04,BL
831 04,BL
831 04,BL
831 04,BL
831 03,BL
841 01,BL
811 04,BL
,BL
851 10,BL
821 09,BL
831 01,BL
811 03,BL
841 07,BL
841 07,BL
821 04,BL
821 05,BL
831 03,BL
831 02,BL
851 01,BL
831 52,BL
821 03,BL
811 07,BL
821 07,BL
821 05,BL
821 08,BL
831 07,BL
831 02,BL
841 01,BL
811 01,BL
811 03,BL
841 05,BL
821 06,BL
811 02,BL
831 01,BL
851 01,BL
851 01,BL
821 04,BL
851 07,BL
831 04,BL
,BL
821 08,BL
851 01,BL
841 10,BL
831 02,BL
821 06,BL
,BL
831 01,BL
831 06,BL
,BL
831 01,BL
851 01,BL
821 07,BL
811 06,BL
811 05,BL
811 04,BL
850 09,BL
811 01,BL
831 01,BL
821 09,BL
821 09,BL
821 06,BL
821 07,BL
821 04,BL
841 03,BL
851 01,BL
841 06,BL
831 53,BL
821 07,BL
831 01,BL
841 04,BL
811 02,BL
821 04,BL
831 06,BL
831 01,BL
841 05,BL
831 02,BL
831 06,BL
831 06,BL
811 06,BL
841 03,BL
851 06,BL
821 05,BL
821 06,BL
851 10,BL
821 04,BL
811 07,BL
851 01,BL
841 10,BL
831 07,BL
831 03,BL
831 07,BL
811 04,BL
831 04,BL
821 04,BL
831 03,BL
851 10,BL
851 01,BL
811 04,BL
841 06,BL
841 02,BL
841 07,BL
821 08,BL
821 08,BL
811 08,BL
811 07,BL
841 03,BL
811 07,BL
811 05,BL
851 10,BL
841 06,BL
841 06,BL
821 01,BL
811 01,BL
811 01,BL
811 03,BL
821 02,BL
811 04,BL
851 01,BL
831 01,BL
831 03,BL
831 07,BL
841 08,BL
831 06,BL
841 07,BL
821 06,BL
831 03,BL
831 07,BL
851 10,BL
811 01,BL
851 10,BL
841 03,BL
821 08,BL
841 03,BL
841 03,BL
821 02,BL
831 06,BL
821 04,BL
841 05,BL
841 03,BL
851 06,BL
841 04,BL
811 03,BL
811 03,BL
,BL
821 09,BL
831 06,BL
830 00,BL
811 04,BL
831 06,BL
841 01,BL
851 07,BL
821 04,BL
,BL
811 04,BL
821 07,BL
841 07,BL
821 08,BL
821 06,BL
811 03,BL
,BL
811 01,BL
821 07,BL
811 06,BL
811 05,BL
821 07,BL
831 06,BL
811 06,BL
811 02,BL
831 06,BL
811 03,BL
821 06,BL
821 06,BL
821 06,BL
821 06,BL
821 06,BL
821 06,BL
821 06,BL
831 06,BL
977 03,BC
977 01,BC
977 01,BC
977 01,BC
977 01,BC
977 01,BC
977 01,BC
977 01,BC
977 03,BC
977 01,BC
977 03,BC
977 01,BC
977 01,BC
977 01,BC
977 03,BC
977 01,BC
977 01,BC
977 01,BC
977 01,BC
977 01,BC
977 01,BC
977 01,BC
977 03,BC
977 01,BC
977 03,BC
977 01,BC
977 01,BC
977 01,BC
977 01,BC
977 01,BC
977 01,BC
977 01,BC
977 01,BC
977 01,BC
977 01,BC
977 01,BC
977 01,BC
977 01,BC
977 01,BC
977 03,BC
977 01,BC
977 01,BC
977 01,BC
977 01,BC
977 01,BC
977 01,BC
977 01,BC
977 01,BC
977 01,BC
977 03,BC
977 03,BC
977 01,BC
977 03,BC
977 03,BC
977 03,BC
977 03,BC
977 01,BC
977 01,BC
977 01,BC
977 01,BC
977 01,BC
977 03,BC
977 01,BC
977 01,BC
977 01,BC
977 01,BC
977 01,BC
977 01,BC
977 03,BC
977 03,BC
977 01,BC
977 01,BC
977 01,BC
977 03,BC
977 01,BC
977 01,BC
977 01,BC
977 01,BC
977 01,BC
977 01,BC
977 01,BC
977 01,BC
977 01,BC
977 01,BC
977 01,BC
977 01,BC
977 01,BC
977 01,BC
977 01,BC
977 03,BC
977 01,BC
977 01,BC
977 01,BC
977 01,BC
977 01,BC
022 01,ZI
022 01,ZI
022 01,ZI
022 01,ZI
022 01,ZI
022 01,ZI
022 01,ZI
022 01,ZI
022 01,ZI
022 01,ZI
022 01,ZI
022 01,ZI
022 01,ZI
022 01,ZI
022 01,ZI
022 01,ZI
022 01,ZI
022 01,ZI
022 01,ZI
022 01,ZI
022 01,ZI
022 01,ZI
022 01,ZI
022 01,ZI
022 01,ZI
022 01,ZI
022 01,ZI
022 01,ZI
022 04,ZI
022 01,ZI
022 01,ZI
022 01,ZI
022 01,ZI
022 01,ZI
022 01,ZI
022 01,ZI
022 01,ZI
022 01,ZI
022 01,ZI
022 01,ZI
022 01,ZI
022 01,ZI
022 01,ZI
022 01,ZI
022 01,ZI
022 01,ZI
022 01,ZI
022 01,ZI
022 01,ZI
022 01,ZI
022 01,ZI
022 01,ZI
022 01,ZI
022 01,ZI
022 01,ZI
022 04,ZI
022 01,ZI
022 01,ZI
022 04,ZI
022 01,ZI
022 01,ZI
022 01,ZI
022 01,ZI
022 01,ZI
022 01,ZI
022 04,ZI
022 01,ZI
022 04,ZI
022 01,ZI
022 01,ZI
022 01,ZI
022 01,ZI
022 01,ZI
022 01,ZI
022 01,ZI
022 01,ZI
022 01,ZI
022 01,ZI
022 01,ZI
022 01,ZI
022 01,ZI
022 01,ZI
022 01,ZI
022 01,ZI
022 01,ZI
022 04,ZI
022 04,ZI
022 01,ZI
022 01,ZI
022 01,ZI
022 01,ZI
022 01,ZI
022 01,ZI
022 01,ZI
022 01,ZI
022 01,ZI
022 01,ZI
022 01,ZI
022 01,ZI
022 01,ZI
022 01,ZI
022 01,ZI
022 01,ZI
022 01,ZI
022 04,ZI
022 04,ZI
022 01,ZI
022 01,ZI
022 01,ZI
022 04,ZI
022 01,ZI
022 01,ZI
022 01,ZI
022 01,ZI
022 01,ZI
022 04,ZI
022 01,ZI
022 01,ZI
022 01,ZI
022 01,ZI
022 01,ZI
022 01,ZI
022 04,ZI
022 01,ZI
022 01,ZI
022 01,ZI
022 04,ZI
022 01,ZI
022 01,ZI
022 01,ZI
022 01,ZI
022 01,ZI
022 01,ZI
022 01,ZI
920 01,TA
920 01,TA
920 01,TA
920 01,TA
920 01,TA
920 01,TA
920 01,TA
920 03,TA
920 01,TA
920 01,TA
920 03,TA
920 01,TA
920 01,TA
920 01,TA
920 01,TA
920 01,TA
920 01,TA
920 01,TA
920 01,TA
920 01,TA
920 01,TA
920 01,TA
920 03,TA
920 01,TA
920 01,TA
920 03,TA
920 01,TA
920 01,TA
920 01,TA
920 01,TA
920 03,TA
920 01,TA
920 01,TA
920 01,TA
920 01,TA
920 01,TA
920 01,TA
920 01,TA
920 01,TA
920 01,TA
920 01,TA
920 01,TA
920 01,TA
920 03,TA
920 03,TA
920 01,TA
920 01,TA
920 01,TA
920 01,TA
920 01,TA
920 01,TA
920 01,TA
920 01,TA
920 01,TA
920 03,TA
920 01,TA
920 01,TA
920 01,TA
920 01,TA
920 01,TA
920 03,TA
920 03,TA
920 01,TA
920 01,TA
920 01,TA
920 01,TA
920 03,TA
920 01,TA
920 01,TA
920 01,TA
920 01,TA
920 01,TA
920 01,TA
920 01,TA
920 01,TA
920 01,TA
920 01,TA
920 01,TA
920 01,TA
920 01,TA
920 03,TA
920 03,TA
920 01,TA
920 01,TA
920 01,TA
920 01,TA
920 01,TA
920 01,TA
920 01,TA
920 03,TA
920 01,TA
920 01,TA
920 01,TA
920 01,TA
920 03,TA
920 01,TA
920 01,TA
920 03,TA
920 01,TA
920 01,TA
920 01,TA
920 01,TA
920 01,TA
920 01,TA
920 01,TA
920 01,TA
920 01,TA
920 01,TA
920 03,TA
920 01,TA
920 01,TA
920 01,TA
920 01,TA
947 01,NI
947 01,NI
947 01,NI
947 01,NI
947 03,NI
947 01,NI
947 01,NI
947 01,NI
947 01,NI
947 01,NI
947 01,NI
947 01,NI
947 03,NI
947 03,NI
947 01,NI
947 01,NI
947 01,NI
947 03,NI
947 03,NI
947 01,NI
947 03,NI
947 03,NI
947 01,NI
947 01,NI
947 01,NI
947 01,NI
947 01,NI
947 03,NI
947 01,NI
947 01,NI
947 01,NI
947 01,NI
947 01,NI
947 01,NI
947 01,NI
947 01,NI
947 01,NI
947 01,NI
947 01,NI
947 01,NI
947 03,NI
947 01,NI
947 01,NI
947 03,NI
947 03,NI
947 01,NI
947 01,NI
947 01,NI
947 03,NI
947 03,NI
947 01,NI
947 03,NI
947 03,NI
947 01,NI
947 01,NI
947 01,NI
947 01,NI
947 01,NI
947 03,NI
947 03,NI
947 01,NI
947 01,NI
947 01,NI
947 01,NI
947 01,NI
947 01,NI
947 01,NI
947 01,NI
947 01,NI
947 01,NI
947 01,NI
947 03,NI
947 03,NI
947 01,NI
947 01,NI
947 01,NI
947 01,NI
947 01,NI
947 01,NI
947 03,NI
947 01,NI
947 03,NI
947 01,NI
947 01,NI
947 01,NI
947 03,NI
947 01,NI
947 01,NI
947 01,NI
947 01,NI
947 01,NI
947 01,NI
945 01,NI
945 01,NI
945 04,NI
945 01,NI
945 01,NI
945 01,NI
945 01,NI
945 01,NI
945 01,NI
945 05,NI
945 01,NI
945 01,NI
945 01,NI
945 01,NI
945 05,NI
945 01,NI
945 05,NI
945 01,NI
945 01,NI
945 04,NI
945 05,NI
945 01,NI
945 04,NI
945 04,NI
945 01,NI
945 01,NI
945 01,NI
945 05,NI
945 05,NI
945 04,NI
945 01,NI
945 01,NI
945 05,NI
945 01,NI
945 05,NI
945 01,NI
945 01,NI
945 01,NI
945 05,NI
945 01,NI
945 01,NI
945 01,NI
945 01,NI
945 01,NI
945 01,NI
945 01,NI
945 01,NI
945 01,NI
945 04,NI
945 01,NI
945 01,NI
945 01,NI
945 01,NI
945 05,NI
945 01,NI
945 05,NI
945 01,NI
945 01,NI
945 01,NI
945 01,NI
945 01,NI
945 01,NI
945 01,NI
945 01,NI
945 01,NI
945 04,NI
945 01,NI
945 01,NI
945 04,NI
945 01,NI
945 04,NI
945 01,NI
945 01,NI
945 01,NI
945 01,NI
945 05,NI
945 05,NI
945 01,NI
945 01,NI
945 01,NI
945 04,NI
945 01,NI
945 01,NI
945 01,NI
945 01,NI
945 04,NI
945 01,NI
945 05,NI
945 01,NI
945 01,NI
945 01,NI
945 05,NI
945 01,NI
945 01,NI
945 04,NI
945 01,NI
945 01,NI
945 01,NI
945 01,NI
945 04,NI
945 05,NI
945 01,NI
945 01,NI
945 01,NI
945 01,NI
945 01,NI
945 01,NI
945 01,NI
945 01,NI
945 05,NI
945 01,NI
945 01,NI
945 05,NI
945 01,NI
945 01,NI
945 01,NI
945 01,NI
945 01,NI
945 05,NI
945 01,NI
945 01,NI
945 01,NI
945 01,NI
945 04,NI
945 01,NI
945 01,NI
945 01,NI
945 01,NI
945 01,NI
945 04,NI
945 01,NI
945 01,NI
945 01,NI
945 01,NI
945 05,NI
945 01,NI
945 05,NI
945 01,NI
945 05,NI
945 01,NI
945 01,NI
945 04,NI
945 01,NI
945 01,NI
945 01,NI
945 01,NI
945 01,NI
945 01,NI
945 01,NI
945 01,NI
945 01,NI
945 01,NI
945 01,NI
945 01,NI
945 01,NI
945 01,NI
945 01,NI
945 01,NI
945 01,NI
945 05,NI
945 01,NI
945 01,NI
945 05,NI
945 01,NI
945 01,NI
945 05,NI
945 01,NI
945 01,NI
945 01,NI
945 04,NI
945 01,NI
945 04,NI
945 04,NI
945 01,NI
945 05,NI
945 04,NI
945 01,NI
945 01,NI
945 01,NI
945 04,NI
945 05,NI
945 05,NI
945 01,NI
945 05,NI
945 04,NI
945 01,NI
945 01,NI
945 01,NI
945 05,NI
945 01,NI
945 01,NI
945 01,NI
945 01,NI
945 01,NI
945 01,NI
945 01,NI
945 01,NI
945 05,NI
945 05,NI
945 01,NI
945 04,NI
945 05,NI
945 04,NI
945 01,NI
945 01,NI
945 01,NI
945 01,NI
945 01,NI
945 01,NI
945 04,NI
945 01,NI
945 01,NI
945 01,NI
945 01,NI
945 04,NI
945 01,NI
945 01,NI
945 04,NI
945 01,NI
945 01,NI
945 05,NI
945 01,NI
945 01,NI
945 01,NI
945 01,NI
945 01,NI
040 18,KI
040 17,KI
040 18,KI
040 22,KI
040 14,KI
040 11,KI
040 01,KI
040 01,KI
040 01,KI
040 01,KI
040 13,KI
040 12,KI
040 17,KI
040 11,KI
040 13,KI
040 01,KI
040 12,KI
040 01,KI
040 01,KI
040 12,KI
040 01,KI
040 18,KI
040 01,KI
040 17,KI
040 11,KI
040 01,KI
040 22,KI
040 23,KI
040 17,KI
040 01,KI
040 01,KI
040 13,KI
040 01,KI
040 22,KI
040 18,KI
040 01,KI
040 18,KI
040 18,KI
040 13,KI
040 11,KI
040 17,KI
040 11,KI
040 11,KI
040 18,KI
040 01,KI
040 01,KI
040 22,KI
040 11,KI
040 01,KI
040 01,KI
040 01,KI
040 17,KI
040 15,KI
040 01,KI
040 01,KI
040 01,KI
040 01,KI
040 11,KI
040 11,KI
040 14,KI
040 01,KI
040 11,KI
040 11,KI
040 01,KI
040 17,KI
040 13,KI
040 13,KI
040 01,KI
040 13,KI
040 15,KI
040 14,KI
040 12,KI
040 13,KI
040 01,KI
040 15,KI
040 22,KI
040 11,KI
040 15,KI
040 01,KI
040 01,KI
040 17,KI
040 01,KI
040 17,KI
040 01,KI
040 18,KI
040 22,KI
040 23,KI
040 01,KI
040 01,KI
040 01,KI
040 01,KI
040 01,KI
040 11,KI
040 01,KI
040 18,KI
040 11,KI
040 01,KI
040 01,KI
040 11,KI
040 01,KI
040 11,KI
040 01,KI
040 11,KI
040 23,KI
040 12,KI
040 12,KI
040 13,KI
040 17,KI
040 01,KI
040 23,KI
040 01,KI
040 17,KI
040 23,KI
040 01,KI
040 11,KI
040 12,KI
040 01,KI
040 15,KI
040 01,KI
040 01,KI
040 12,KI
040 13,KI
040 01,KI
040 23,KI
040 01,KI
040 01,KI
040 23,KI
040 01,KI
040 12,KI
040 01,KI
040 01,KI
040 15,KI
040 01,KI
040 01,KI
040 01,KI
040 22,KI
040 18,KI
040 13,KI
040 22,KI
040 22,KI
040 01,KI
040 17,KI
040 01,KI
040 18,KI
040 01,KI
040 11,KI
040 01,KI
040 01,KI
040 01,KI
040 01,KI
040 14,KI
040 12,KI
040 12,KI
040 11,KI
040 01,KI
040 01,KI
040 01,KI
040 17,KI
040 01,KI
040 11,KI
040 11,KI
040 01,KI
040 18,KI
040 01,KI
040 18,KI
040 18,KI
040 01,KI
040 01,KI
040 01,KI
040 11,KI
040 11,KI
040 01,KI
040 13,KI
040 18,KI
040 17,KI
040 18,KI
040 13,KI
040 01,KI
040 01,KI
040 17,KI
040 11,KI
040 13,KI
040 23,KI
040 01,KI
040 14,KI
040 01,KI
040 01,KI
040 18,KI
040 01,KI
040 11,KI
040 01,KI
040 01,KI
040 18,KI
040 01,KI
040 01,KI
040 01,KI
040 17,KI
040 01,KI
040 17,KI
040 11,KI
040 01,KI
040 01,KI
040 11,KI
040 11,KI
040 01,KI
040 01,KI
040 01,KI
040 11,KI
040 23,KI
040 01,KI
040 01,KI
040 01,KI
040 22,KI
040 16,KI
040 01,KI
040 17,KI
040 11,KI
040 11,KI
040 11,KI
040 12,KI
040 15,KI
040 01,KI
040 01,KI
040 01,KI
040 01,KI
040 22,KI
040 23,KI
040 17,KI
040 01,KI
040 01,KI
040 11,KI
040 15,KI
040 01,KI
040 01,KI
040 14,KI
040 11,KI
040 23,KI
040 01,KI
040 01,KI
040 12,KI
040 11,KI
040 13,KI
040 11,KI
040 01,KI
040 22,KI
040 01,KI
040 11,KI
040 12,KI
040 01,KI
040 01,KI
040 11,KI
040 01,KI
040 01,KI
040 13,KI
040 01,KI
040 01,KI
040 17,KI
040 01,KI
040 01,KI
040 18,KI
040 18,KI
040 01,KI
040 01,KI
040 22,KI
040 01,KI
040 15,KI
040 15,KI
040 17,KI
040 11,KI
040 01,KI
040 01,KI
040 12,KI
040 15,KI
040 11,KI
040 01,KI
040 01,KI
040 18,KI
040 18,KI
040 11,KI
040 01,KI
040 18,KI
040 23,KI
040 01,KI
040 01,KI
040 01,KI
040 01,KI
040 01,KI
040 18,KI
040 11,KI
040 01,KI
040 01,KI
040 01,KI
040 01,KI
040 01,KI
040 01,KI
040 17,KI
040 01,KI
040 01,KI
040 15,KI
040 22,KI
040 01,KI
040 18,KI
040 11,KI
040 01,KI
040 01,KI
040 01,KI
040 11,KI
040 17,KI
040 18,KI
040 11,KI
040 11,KI
040 01,KI
040 18,KI
040 01,KI
040 11,KI
040 22,KI
040 01,KI
040 16,KI
040 15,KI
040 15,KI
040 16,KI
040 17,KI
040 01,KI
040 01,KI
040 01,KI
040 22,KI
040 01,KI
040 01,KI
040 15,KI
040 11,KI
040 11,KI
040 18,KI
040 12,KI
040 17,KI
040 11,KI
040 23,KI
040 01,KI
040 01,KI
040 11,KI
040 01,KI
040 01,KI
040 12,KI
040 22,KI
040 01,KI
040 01,KI
040 01,KI
040 01,KI
040 01,KI
040 01,KI
040 01,KI
040 01,KI
040 01,KI
040 11,KI
040 01,KI
040 12,KI
040 11,KI
040 15,KI
040 01,KI
040 11,KI
040 15,KI
040 22,KI
040 01,KI
,KI
040 13,KI
040 13,KI
040 01,KI
040 13,KI
040 01,KI
040 01,KI
040 01,KI
040 01,KI
040 15,KI
040 01,KI
040 11,KI
040 22,KI
040 11,KI
040 01,KI
040 17,KI
040 11,KI
040 22,KI
040 01,KI
040 17,KI
040 11,KI
040 11,KI
040 01,KI
040 01,KI
040 01,KI
040 18,KI
040 18,KI
040 15,KI
040 11,KI
040 11,KI
040 01,KI
040 18,KI
040 11,KI
040 15,KI
040 14,KI
040 01,KI
040 01,KI
040 17,KI
040 01,KI
040 11,KI
040 01,KI
040 01,KI
040 17,KI
040 11,KI
040 01,KI
040 18,KI
040 01,KI
040 01,KI
040 01,KI
040 11,KI
040 16,KI
040 18,KI
040 13,KI
040 14,KI
040 13,KI
040 01,KI
040 16,KI
040 11,KI
040 18,KI
040 01,KI
040 13,KI
040 01,KI
040 01,KI
040 01,KI
040 15,KI
040 18,KI
040 12,KI
040 12,KI
040 01,KI
040 01,KI
040 17,KI
040 01,KI
040 15,KI
040 01,KI
040 12,KI
040 11,KI
040 01,KI
040 01,KI
040 01,KI
040 11,KI
040 01,KI
040 17,KI
040 01,KI
040 01,KI
040 01,KI
040 16,KI
040 01,KI
040 12,KI
040 01,KI
040 18,KI
040 11,KI
040 01,KI
040 01,KI
040 11,KI
040 01,KI
040 01,KI
040 01,KI
040 11,KI
040 11,KI
040 01,KI
040 18,KI
040 01,KI
040 01,KI
040 11,KI
040 01,KI
040 18,KI
040 18,KI
040 18,KI
040 14,KI
040 01,KI
040 17,KI
040 11,KI
040 01,KI
040 01,KI
040 17,KI
040 22,KI
040 01,KI
040 01,KI
040 01,KI
040 01,KI
040 01,KI
040 01,KI
040 01,KI
040 17,KI
040 01,KI
040 01,KI
040 01,KI
040 01,KI
040 01,KI
040 01,KI
040 18,KI
040 01,KI
040 01,KI
040 11,KI
040 15,KI
040 13,KI
040 01,KI
040 11,KI
040 01,KI
040 11,KI
,KI
040 18,KI
040 11,KI
040 01,KI
040 01,KI
040 11,KI
040 01,KI
040 16,KI
040 16,KI
040 16,KI
040 01,KI
040 01,KI
040 01,KI
040 01,KI
040 01,KI
040 17,KI
040 01,KI
040 11,KI
040 01,KI
040 17,KI
040 01,KI
040 17,KI
040 11,KI
040 12,KI
040 18,KI
040 01,KI
040 18,KI
040 14,KI
040 11,KI
040 11,KI
040 18,KI
040 15,KI
040 01,KI
040 12,KI
040 17,KI
040 01,KI
040 11,KI
040 22,KI
040 01,KI
040 01,KI
040 11,KI
040 16,KI
040 22,KI
040 01,KI
040 17,KI
040 18,KI
040 11,KI
040 01,KI
040 01,KI
040 01,KI
040 18,KI
040 13,KI
040 01,KI
040 12,KI
040 12,KI
040 01,KI
040 01,KI
040 01,KI
040 17,KI
040 11,KI
040 17,KI
040 18,KI
040 18,KI
040 18,KI
040 17,KI
040 17,KI
040 01,KI
040 01,KI
040 01,KI
040 01,KI
040 01,KI
040 01,KI
040 01,KI
040 01,KI
040 01,KI
040 11,KI
040 01,KI
040 17,KI
040 12,KI
040 01,KI
040 15,KI
040 01,KI
040 01,KI
040 01,KI
040 18,KI
040 17,KI
040 13,KI
040 18,KI
040 11,KI
040 01,KI
040 01,KI
040 11,KI
040 01,KI
040 01,KI
040 01,KI
040 01,KI
040 12,KI
040 01,KI
040 17,KI
040 11,KI
040 11,KI
040 11,KI
040 01,KI
040 01,KI
040 17,KI
040 11,KI
040 11,KI
040 11,KI
040 11,KI
040 15,KI
040 01,KI
040 22,KI
040 01,KI
040 01,KI
040 01,KI
040 01,KI
040 01,KI
040 15,KI
040 01,KI
040 12,KI
040 01,KI
040 01,KI
040 11,KI
040 01,KI
040 01,KI
040 11,KI
040 01,KI
040 01,KI
040 01,KI
040 11,KI
040 01,KI
040 15,KI
040 18,KI
040 01,KI
040 13,KI
040 11,KI
040 12,KI
040 12,KI
040 01,KI
040 01,KI
040 12,KI
040 01,KI
040 01,KI
040 01,KI
040 01,KI
040 01,KI
040 01,KI
040 18,KI
040 23,KI
040 23,KI
040 11,KI
040 11,KI
040 01,KI
040 01,KI
040 01,KI
040 17,KI
040 01,KI
040 01,KI
040 11,KI
040 01,KI
040 18,KI
040 14,KI
040 22,KI
040 01,KI
040 17,KI
040 17,KI
040 11,KI
040 01,KI
040 01,KI
040 11,KI
040 11,KI
040 01,KI
040 01,KI
040 01,KI
040 17,KI
040 15,KI
040 01,KI
040 01,KI
040 11,KI
040 01,KI
040 01,KI
040 01,KI
040 01,KI
040 01,KI
040 01,KI
040 11,KI
040 01,KI
040 01,KI
040 18,KI
040 01,KI
040 01,KI
040 18,KI
040 01,KI
040 13,KI
040 01,KI
040 01,KI
040 12,KI
040 18,KI
040 01,KI
040 12,KI
040 17,KI
040 01,KI
040 12,KI
040 17,KI
040 12,KI
040 01,KI
040 18,KI
040 01,KI
040 01,KI
040 01,KI
040 17,KI
040 17,KI
040 23,KI
040 22,KI
040 18,KI
040 01,KI
040 01,KI
040 11,KI
040 01,KI
040 11,KI
040 18,KI
040 01,KI
040 01,KI
040 18,KI
040 11,KI
040 01,KI
040 11,KI
040 22,KI
040 23,KI
040 11,KI
040 11,KI
040 14,KI
040 01,KI
040 01,KI
040 01,KI
040 01,KI
040 17,KI
040 01,KI
040 11,KI
040 18,KI
040 11,KI
040 01,KI
040 12,KI
040 01,KI
040 18,KI
040 01,KI
040 01,KI
040 11,KI
040 01,KI
040 01,KI
040 13,KI
040 12,KI
040 01,KI
040 01,KI
040 01,KI
040 13,KI
040 01,KI
040 01,KI
040 18,KI
040 01,KI
040 01,KI
040 01,KI
040 01,KI
040 01,KI
040 01,KI
040 01,KI
040 01,KI
040 17,KI
040 01,KI
040 11,KI
040 01,KI
040 01,KI
040 01,KI
040 01,KI
040 11,KI
040 01,KI
040 01,KI
040 14,KI
040 18,KI
040 01,KI
040 11,KI
040 23,KI
040 23,KI
040 01,KI
040 16,KI
040 18,KI
040 18,KI
040 16,KI
040 17,KI
040 01,KI
040 01,KI
040 01,KI
040 18,KI
040 01,KI
040 18,KI
040 01,KI
040 01,KI
040 17,KI
040 01,KI
040 01,KI
040 18,KI
040 12,KI
040 17,KI
040 01,KI
040 17,KI
040 01,KI
040 17,KI
040 01,KI
040 01,KI
040 23,KI
040 22,KI
040 11,KI
040 01,KI
040 01,KI
040 11,KI
040 01,KI
040 12,KI
040 15,KI
040 01,KI
040 13,KI
040 18,KI
040 11,KI
040 01,KI
040 01,KI
040 01,KI
040 01,KI
024 01,ZI
024 04,ZI
024 01,ZI
024 04,ZI
024 01,ZI
024 01,ZI
024 01,ZI
024 04,ZI
024 01,ZI
024 01,ZI
024 01,ZI
024 01,ZI
024 01,ZI
024 01,ZI
024 01,ZI
024 04,ZI
024 01,ZI
024 01,ZI
024 01,ZI
024 04,ZI
024 04,ZI
024 01,ZI
024 01,ZI
024 01,ZI
024 04,ZI
024 01,ZI
024 01,ZI
024 04,ZI
024 01,ZI
024 01,ZI
024 01,ZI
024 01,ZI
024 01,ZI
024 01,ZI
024 01,ZI
024 04,ZI
024 04,ZI
024 04,ZI
024 04,ZI
024 01,ZI
024 04,ZI
024 01,ZI
024 01,ZI
024 04,ZI
024 01,ZI
024 01,ZI
934 01,NI
934 01,NI
934 01,NI
934 01,NI
934 05,NI
934 01,NI
934 01,NI
934 01,NI
934 01,NI
934 01,NI
934 01,NI
934 01,NI
934 01,NI
934 01,NI
934 01,NI
934 01,NI
934 01,NI
934 01,NI
934 01,NI
934 01,NI
934 01,NI
934 01,NI
934 01,NI
934 01,NI
934 01,NI
934 01,NI
934 01,NI
934 01,NI
934 01,NI
934 01,NI
934 01,NI
934 05,NI
934 01,NI
934 05,NI
934 05,NI
934 05,NI
934 01,NI
934 01,NI
934 01,NI
934 01,NI
934 01,NI
934 01,NI
934 01,NI
934 01,NI
934 01,NI
934 01,NI
934 01,NI
934 01,NI
934 05,NI
934 05,NI
934 01,NI
934 05,NI
934 01,NI
934 05,NI
934 01,NI
934 05,NI
934 01,NI
934 05,NI
934 05,NI
934 05,NI
934 01,NI
934 01,NI
934 05,NI
934 01,NI
934 05,NI
934 01,NI
934 01,NI
934 01,NI
934 01,NI
934 01,NI
934 05,NI
934 01,NI
934 05,NI
934 01,NI
934 05,NI
934 05,NI
934 01,NI
934 01,NI
934 01,NI
934 05,NI
934 01,NI
934 01,NI
934 01,NI
934 01,NI
934 05,NI
934 01,NI
934 01,NI
934 01,NI
934 01,NI
934 01,NI
934 01,NI
934 01,NI
934 01,NI
934 01,NI
934 05,NI
934 01,NI
934 01,NI
934 01,NI
934 01,NI
934 01,NI
934 01,NI
934 01,NI
934 05,NI
934 01,NI
934 01,NI
934 01,NI
934 01,NI
934 01,NI
934 01,NI
934 05,NI
934 01,NI
934 05,NI
934 01,NI
934 01,NI
934 05,NI
934 01,NI
934 01,NI
934 05,NI
934 01,NI
934 01,NI
934 01,NI
934 01,NI
934 01,NI
934 01,NI
934 01,NI
934 01,NI
934 01,NI
934 05,NI
934 01,NI
934 01,NI
934 01,NI
934 01,NI
934 01,NI
934 01,NI
934 01,NI
934 01,NI
934 01,NI
934 01,NI
031 01,ZI
031 04,ZI
031 04,ZI
031 04,ZI
031 04,ZI
031 01,ZI
031 04,ZI
031 01,ZI
031 01,ZI
031 01,ZI
031 01,ZI
031 01,ZI
031 01,ZI
031 01,ZI
031 01,ZI
031 01,ZI
031 01,ZI
031 01,ZI
031 01,ZI
031 04,ZI
031 01,ZI
031 04,ZI
031 04,ZI
031 01,ZI
031 05,ZI
031 01,ZI
031 01,ZI
031 01,ZI
031 01,ZI
031 01,ZI
031 01,ZI
031 01,ZI
031 01,ZI
031 04,ZI
031 01,ZI
031 01,ZI
031 04,ZI
031 04,ZI
031 01,ZI
031 01,ZI
031 01,ZI
031 01,ZI
031 01,ZI
031 05,ZI
031 04,ZI
031 05,ZI
031 01,ZI
031 05,ZI
031 04,ZI
031 01,ZI
031 01,ZI
031 01,ZI
031 01,ZI
031 01,ZI
031 01,ZI
031 05,ZI
031 01,ZI
031 01,ZI
031 01,ZI
031 01,ZI
031 04,ZI
031 01,ZI
031 01,ZI
031 04,ZI
031 01,ZI
031 01,ZI
031 04,ZI
031 01,ZI
031 04,ZI
031 01,ZI
031 01,ZI
031 01,ZI
031 01,ZI
031 01,ZI
031 01,ZI
031 04,ZI
031 05,ZI
031 01,ZI
031 01,ZI
031 01,ZI
031 01,ZI
031 01,ZI
031 01,ZI
031 05,ZI
031 04,ZI
031 04,ZI
031 01,ZI
031 01,ZI
031 01,ZI
031 01,ZI
031 01,ZI
031 05,ZI
031 05,ZI
031 04,ZI
031 01,ZI
031 05,ZI
031 05,ZI
031 01,ZI
031 01,ZI
031 01,ZI
031 04,ZI
031 01,ZI
031 01,ZI
031 01,ZI
031 01,ZI
031 01,ZI
031 01,ZI
031 01,ZI
031 01,ZI
031 01,ZI
031 01,ZI
031 01,ZI
031 01,ZI
031 04,ZI
031 04,ZI
031 04,ZI
031 01,ZI
031 05,ZI
031 04,ZI
031 01,ZI
031 01,ZI
031 04,ZI
031 01,ZI
031 01,ZI
031 01,ZI
031 01,ZI
031 01,ZI
031 01,ZI
031 01,ZI
031 01,ZI
031 01,ZI
031 04,ZI
031 05,ZI
031 05,ZI
031 01,ZI
031 01,ZI
031 01,ZI
031 04,ZI
031 01,ZI
031 01,ZI
031 01,ZI
031 05,ZI
031 05,ZI
031 05,ZI
031 01,ZI
031 04,ZI
031 01,ZI
031 01,ZI
031 01,ZI
031 04,ZI
031 05,ZI
031 01,ZI
031 05,ZI
031 04,ZI
031 05,ZI
031 05,ZI
031 01,ZI
031 01,ZI
031 05,ZI
031 04,ZI
031 04,ZI
031 04,ZI
031 01,ZI
031 04,ZI
031 01,ZI
031 01,ZI
031 04,ZI
031 01,ZI
031 01,ZI
031 01,ZI
031 04,ZI
031 01,ZI
031 01,ZI
031 05,ZI
031 01,ZI
031 01,ZI
031 01,ZI
031 05,ZI
031 05,ZI
031 05,ZI
031 01,ZI
031 01,ZI
031 01,ZI
031 01,ZI
031 05,ZI
031 05,ZI
031 05,ZI
031 01,ZI
031 01,ZI
031 01,ZI
031 01,ZI
031 04,ZI
031 01,ZI
031 01,ZI
031 01,ZI
031 01,ZI
031 01,ZI
031 01,ZI
031 04,ZI
031 01,ZI
031 05,ZI
031 01,ZI
031 01,ZI
031 04,ZI
984 01,BC
984 01,BC
984 01,BC
984 01,BC
984 01,BC
984 01,BC
984 01,BC
984 01,BC
984 01,BC
984 01,BC
984 01,BC
984 01,BC
984 03,BC
984 01,BC
984 01,BC
984 01,BC
984 01,BC
984 03,BC
984 01,BC
984 01,BC
984 01,BC
984 01,BC
984 01,BC
984 03,BC
984 01,BC
984 01,BC
984 01,BC
984 01,BC
984 01,BC
984 01,BC
984 01,BC
984 01,BC
984 01,BC
984 01,BC
984 03,BC
984 01,BC
984 01,BC
984 01,BC
984 01,BC
984 01,BC
984 01,BC
984 03,BC
984 01,BC
984 01,BC
984 03,BC
984 01,BC
984 01,BC
984 01,BC
984 01,BC
984 01,BC
984 01,BC
984 01,BC
984 01,BC
984 01,BC
984 01,BC
984 03,BC
984 01,BC
984 01,BC
984 01,BC
984 01,BC
984 01,BC
984 03,BC
984 01,BC
984 01,BC
984 01,BC
984 01,BC
984 03,BC
984 01,BC
984 01,BC
984 03,BC
984 01,BC
984 01,BC
984 01,BC
984 01,BC
984 01,BC
984 03,BC
984 01,BC
984 01,BC
984 01,BC
984 01,BC
984 01,BC
984 01,BC
984 03,BC
984 01,BC
984 01,BC
984 03,BC
984 01,BC
984 01,BC
984 01,BC
984 01,BC
984 01,BC
984 01,BC
984 01,BC
984 03,BC
984 01,BC
984 03,BC
984 01,BC
984 03,BC
984 01,BC
984 03,BC
984 01,BC
984 01,BC
984 01,BC
984 01,BC
984 01,BC
984 01,BC
984 01,BC
984 01,BC
984 01,BC
984 03,BC
984 01,BC
984 01,BC
984 01,BC
984 01,BC
984 03,BC
984 01,BC
984 03,BC
984 01,BC
984 01,BC
984 01,BC
984 01,BC
984 01,BC
984 01,BC
984 01,BC
984 01,BC
984 01,BC
984 01,BC
984 01,BC
984 01,BC
984 01,BC
984 01,BC
984 01,BC
984 01,BC
984 03,BC
984 01,BC
984 01,BC
984 03,BC
984 01,BC
984 01,BC
984 01,BC
984 01,BC
984 01,BC
984 01,BC
984 01,BC
984 01,BC
984 01,BC
984 01,BC
984 01,BC
984 01,BC
984 03,BC
984 01,BC
984 01,BC
984 01,BC
984 01,BC
984 01,BC
984 01,BC
984 01,BC
984 03,BC
984 03,BC
984 03,BC
984 03,BC
984 01,BC
984 01,BC
984 01,BC
984 01,BC
984 01,BC
984 01,BC
984 01,BC
984 01,BC
984 01,BC
984 01,BC
984 01,BC
984 01,BC
984 01,BC
984 01,BC
984 01,BC
984 01,BC
984 03,BC
984 03,BC
984 01,BC
984 01,BC
984 01,BC
984 01,BC
984 01,BC
984 01,BC
984 01,BC
984 01,BC
984 01,BC
984 01,BC
984 01,BC
984 01,BC
984 01,BC
984 01,BC
984 01,BC
984 01,BC
984 01,BC
984 01,BC
984 01,BC
984 01,BC
984 01,BC
984 01,BC
907 01,TC
907 01,TC
907 01,TC
907 01,TC
907 01,TC
907 01,TC
907 01,TC
907 01,TC
907 03,TC
907 01,TC
907 03,TC
907 01,TC
907 01,TC
907 01,TC
907 03,TC
907 01,TC
907 01,TC
907 01,TC
907 01,TC
907 01,TC
907 01,TC
907 01,TC
907 03,TC
907 01,TC
907 01,TC
907 03,TC
907 01,TC
907 01,TC
907 01,TC
907 03,TC
907 01,TC
907 03,TC
907 01,TC
907 03,TC
907 01,TC
907 01,TC
907 03,TC
907 01,TC
907 01,TC
907 01,TC
907 01,TC
907 03,TC
907 03,TC
907 01,TC
907 01,TC
907 01,TC
907 01,TC
907 01,TC
907 01,TC
907 03,TC
907 01,TC
907 01,TC
907 01,TC
907 01,TC
907 01,TC
907 03,TC
907 01,TC
907 01,TC
907 03,TC
907 03,TC
907 01,TC
907 01,TC
907 01,TC
907 01,TC
907 01,TC
907 01,TC
907 01,TC
907 01,TC
907 03,TC
907 03,TC
907 01,TC
907 01,TC
907 03,TC
907 01,TC
907 01,TC
907 01,TC
907 01,TC
907 03,TC
907 03,TC
907 03,TC
907 01,TC
907 03,TC
907 03,TC
907 01,TC
907 01,TC
907 03,TC
907 03,TC
907 03,TC
907 03,TC
907 03,TC
907 03,TC
907 01,TC
907 03,TC
907 03,TC
907 01,TC
907 01,TC
907 03,TC
907 01,TC
907 01,TC
907 03,TC
907 01,TC
907 01,TC
907 01,TC
907 01,TC
907 03,TC
907 03,TC
907 01,TC
907 03,TC
907 03,TC
907 03,TC
907 03,TC
907 01,TC
907 03,TC
907 03,TC
907 03,TC
907 01,TC
907 01,TC
907 03,TC
907 01,TC
907 01,TC
907 01,TC
907 03,TC
907 01,TC
907 01,TC
907 01,TC
907 03,TC
907 01,TC
907 01,TC
907 01,TC
907 01,TC
949 05,NI
949 01,NI
949 01,NI
949 07,NI
949 11,NI
949 11,NI
949 07,NI
949 01,NI
949 01,NI
949 11,NI
949 01,NI
949 01,NI
949 01,NI
949 01,NI
949 01,NI
949 01,NI
949 01,NI
949 01,NI
949 11,NI
949 01,NI
949 01,NI
949 01,NI
949 11,NI
949 01,NI
949 11,NI
949 11,NI
949 01,NI
949 01,NI
949 11,NI
949 01,NI
949 01,NI
949 05,NI
949 01,NI
949 05,NI
949 11,NI
949 05,NI
949 01,NI
949 01,NI
949 01,NI
949 11,NI
949 01,NI
949 01,NI
949 01,NI
949 01,NI
949 01,NI
949 01,NI
949 01,NI
949 01,NI
949 05,NI
949 01,NI
949 01,NI
949 01,NI
949 01,NI
949 01,NI
949 01,NI
949 01,NI
949 05,NI
949 01,NI
949 01,NI
949 01,NI
949 11,NI
949 01,NI
949 01,NI
949 01,NI
949 01,NI
949 01,NI
949 01,NI
949 01,NI
949 07,NI
949 07,NI
949 01,NI
949 01,NI
949 01,NI
949 07,NI
949 01,NI
949 01,NI
949 01,NI
949 01,NI
949 07,NI
949 01,NI
949 01,NI
949 01,NI
949 01,NI
949 01,NI
949 01,NI
949 01,NI
949 11,NI
949 01,NI
949 01,NI
949 05,NI
949 07,NI
949 11,NI
949 01,NI
949 01,NI
949 01,NI
949 01,NI
949 01,NI
949 01,NI
949 11,NI
949 01,NI
949 01,NI
949 01,NI
949 01,NI
949 01,NI
949 01,NI
949 11,NI
949 01,NI
949 07,NI
949 01,NI
949 01,NI
949 01,NI
949 07,NI
949 01,NI
949 01,NI
949 01,NI
949 01,NI
949 01,NI
949 01,NI
949 01,NI
949 07,NI
949 01,NI
949 01,NI
949 01,NI
949 01,NI
949 01,NI
949 01,NI
949 05,NI
949 01,NI
949 01,NI
949 01,NI
949 01,NI
949 01,NI
949 01,NI
949 01,NI
949 01,NI
949 01,NI
949 01,NI
949 01,NI
949 01,NI
949 01,NI
949 01,NI
949 01,NI
949 01,NI
949 01,NI
949 01,NI
949 01,NI
949 01,NI
949 11,NI
949 01,NI
949 01,NI
949 01,NI
949 01,NI
949 01,NI
949 01,NI
949 01,NI
949 11,NI
949 07,NI
949 01,NI
949 05,NI
949 01,NI
949 01,NI
949 01,NI
949 07,NI
949 01,NI
949 01,NI
949 01,NI
949 07,NI
949 01,NI
949 01,NI
949 11,NI
949 01,NI
949 01,NI
949 01,NI
949 01,NI
949 01,NI
949 01,NI
949 01,NI
949 01,NI
949 11,NI
949 01,NI
949 01,NI
949 01,NI
949 01,NI
949 11,NI
949 01,NI
949 01,NI
949 05,NI
949 01,NI
949 01,NI
949 01,NI
949 01,NI
949 01,NI
949 01,NI
949 01,NI
949 01,NI
949 01,NI
949 01,NI
949 01,NI
949 01,NI
949 01,NI
949 01,NI
949 01,NI
949 11,NI
949 01,NI
949 01,NI
949 01,NI
949 01,NI
949 01,NI
949 07,NI
949 01,NI
949 01,NI
949 01,NI
949 01,NI
949 01,NI
949 01,NI
949 01,NI
949 01,NI
949 01,NI
949 01,NI
949 01,NI
949 01,NI
949 07,NI
949 01,NI
949 05,NI
949 01,NI
949 01,NI
949 01,NI
949 01,NI
949 07,NI
949 01,NI
949 01,NI
949 01,NI
949 01,NI
949 05,NI
949 01,NI
949 01,NI
949 07,NI
949 05,NI
949 01,NI
949 01,NI
949 01,NI
949 05,NI
949 01,NI
949 01,NI
949 01,NI
949 01,NI
949 01,NI
949 01,NI
949 01,NI
949 01,NI
949 01,NI
949 01,NI
949 01,NI
949 01,NI
949 01,NI
949 01,NI
949 01,NI
949 01,NI
949 01,NI
949 01,NI
949 01,NI
949 01,NI
949 01,NI
949 01,NI
949 01,NI
949 01,NI
949 05,NI
949 05,NI
949 01,NI
949 07,NI
949 01,NI
949 07,NI
949 01,NI
949 11,NI
949 01,NI
949 01,NI
949 01,NI
949 11,NI
949 01,NI
949 01,NI
949 01,NI
949 01,NI
949 01,NI
949 01,NI
949 01,NI
949 11,NI
949 01,NI
949 01,NI
949 01,NI
949 01,NI
949 05,NI
949 11,NI
949 05,NI
949 11,NI
949 01,NI
949 01,NI
949 05,NI
949 01,NI
949 01,NI
949 01,NI
949 01,NI
949 01,NI
949 01,NI
949 01,NI
949 01,NI
949 01,NI
949 11,NI
949 01,NI
949 05,NI
949 01,NI
949 01,NI
949 01,NI
949 11,NI
949 05,NI
949 05,NI
949 01,NI
949 07,NI
949 01,NI
949 01,NI
949 01,NI
949 01,NI
949 01,NI
949 01,NI
949 01,NI
949 01,NI
949 01,NI
949 11,NI
949 01,NI
949 01,NI
949 01,NI
949 01,NI
949 01,NI
949 01,NI
949 01,NI
949 01,NI
949 11,NI
949 01,NI
949 11,NI
949 11,NI
949 01,NI
949 11,NI
949 01,NI
949 01,NI
949 01,NI
949 01,NI
949 01,NI
949 01,NI
949 01,NI
949 01,NI
949 11,NI
949 11,NI
949 11,NI
949 11,NI
949 11,NI
949 05,NI
949 01,NI
949 01,NI
949 11,NI
949 01,NI
949 05,NI
949 01,NI
949 01,NI
949 01,NI
949 01,NI
949 01,NI
949 01,NI
949 01,NI
949 01,NI
949 01,NI
949 01,NI
949 01,NI
949 01,NI
949 01,NI
949 01,NI
949 11,NI
949 01,NI
949 01,NI
949 11,NI
949 01,NI
949 01,NI
949 01,NI
949 01,NI
949 07,NI
949 05,NI
949 01,NI
949 05,NI
949 01,NI
949 01,NI
949 05,NI
949 01,NI
949 01,NI
949 01,NI
949 01,NI
949 01,NI
949 01,NI
949 01,NI
949 01,NI
949 01,NI
949 01,NI
949 11,NI
949 01,NI
949 07,NI
949 01,NI
949 01,NI
949 05,NI
949 01,NI
949 01,NI
949 01,NI
949 01,NI
949 01,NI
949 01,NI
949 01,NI
949 01,NI
949 05,NI
949 01,NI
949 01,NI
949 07,NI
949 01,NI
949 11,NI
949 01,NI
949 01,NI
949 01,NI
949 11,NI
949 01,NI
949 01,NI
949 01,NI
949 01,NI
949 01,NI
949 01,NI
949 05,NI
949 01,NI
949 01,NI
949 01,NI
949 01,NI
949 01,NI
949 01,NI
949 07,NI
949 01,NI
949 01,NI
949 01,NI
949 01,NI
949 01,NI
949 01,NI
949 01,NI
949 01,NI
949 01,NI
949 01,NI
949 01,NI
949 05,NI
949 01,NI
949 01,NI
949 01,NI
949 01,NI
949 01,NI
949 01,NI
949 01,NI
949 01,NI
949 01,NI
949 01,NI
949 07,NI
949 07,NI
949 01,NI
949 01,NI
949 01,NI
949 01,NI
949 01,NI
949 01,NI
949 01,NI
949 11,NI
949 01,NI
949 01,NI
949 01,NI
949 05,NI
949 01,NI
949 11,NI
949 01,NI
949 05,NI
949 01,NI
949 01,NI
949 01,NI
949 01,NI
949 11,NI
949 01,NI
949 01,NI
949 01,NI
949 01,NI
949 01,NI
949 01,NI
949 01,NI
949 01,NI
949 01,NI
949 01,NI
949 01,NI
949 01,NI
949 11,NI
949 01,NI
949 01,NI
949 01,NI
949 01,NI
949 01,NI
949 01,NI
949 01,NI
949 01,NI
949 01,NI
949 01,NI
949 01,NI
949 01,NI
949 01,NI
949 01,NI
949 01,NI
949 01,NI
949 01,NI
949 01,NI
949 01,NI
949 01,NI
949 01,NI
949 01,NI
949 01,NI
949 11,NI
949 01,NI
949 01,NI
949 01,NI
949 01,NI
949 11,NI
949 01,NI
949 01,NI
949 01,NI
949 01,NI
949 01,NI
949 01,NI
949 07,NI
949 01,NI
949 01,NI
949 01,NI
949 05,NI
949 01,NI
949 01,NI
949 05,NI
949 01,NI
949 05,NI
949 01,NI
949 11,NI
949 01,NI
949 01,NI
949 01,NI
949 01,NI
949 01,NI
949 01,NI
958 01,TC
958 01,TC
958 03,TC
958 04,TC
958 04,TC
958 04,TC
958 01,TC
958 01,TC
958 03,TC
958 04,TC
958 01,TC
958 03,TC
958 04,TC
958 03,TC
958 01,TC
958 03,TC
958 04,TC
958 03,TC
958 03,TC
958 01,TC
958 01,TC
958 01,TC
958 01,TC
958 04,TC
958 01,TC
958 01,TC
958 01,TC
958 04,TC
958 03,TC
958 06,TC
958 04,TC
958 03,TC
958 01,TC
958 01,TC
958 01,TC
958 03,TC
958 06,TC
958 04,TC
958 01,TC
958 03,TC
958 03,TC
958 04,TC
958 01,TC
958 01,TC
958 01,TC
958 01,TC
958 04,TC
958 04,TC
958 01,TC
958 04,TC
958 01,TC
958 01,TC
958 01,TC
958 06,TC
958 03,TC
958 04,TC
958 01,TC
958 04,TC
958 01,TC
958 01,TC
958 01,TC
958 01,TC
958 03,TC
958 03,TC
958 01,TC
958 04,TC
958 01,TC
958 01,TC
958 03,TC
958 03,TC
958 03,TC
958 03,TC
958 06,TC
958 03,TC
958 04,TC
958 01,TC
958 04,TC
958 03,TC
958 03,TC
958 01,TC
958 01,TC
958 01,TC
958 01,TC
958 03,TC
958 01,TC
958 01,TC
958 01,TC
958 04,TC
958 04,TC
958 01,TC
958 03,TC
958 01,TC
958 01,TC
958 04,TC
958 01,TC
958 01,TC
958 03,TC
958 03,TC
958 01,TC
958 04,TC
958 04,TC
958 03,TC
958 01,TC
958 03,TC
958 04,TC
958 04,TC
958 04,TC
958 03,TC
958 03,TC
958 03,TC
958 04,TC
902 01,BL
902 01,BL
902 01,BL
902 01,BL
902 01,BL
902 01,BL
902 01,BL
902 03,BL
902 03,BL
902 01,BL
902 01,BL
902 01,BL
902 03,BL
902 01,BL
902 01,BL
902 01,BL
902 01,BL
902 01,BL
902 01,BL
902 01,BL
902 03,BL
902 01,BL
902 01,BL
902 03,BL
902 03,BL
902 01,BL
902 01,BL
902 01,BL
902 01,BL
902 03,BL
902 01,BL
902 03,BL
902 01,BL
902 01,BL
902 01,BL
902 01,BL
902 01,BL
902 01,BL
902 01,BL
902 01,BL
902 01,BL
902 01,BL
902 01,BL
902 01,BL
902 01,BL
902 01,BL
902 01,BL
902 01,BL
902 01,BL
902 03,BL
902 01,BL
902 01,BL
902 03,BL
902 01,BL
902 01,BL
902 01,BL
902 03,BL
902 01,BL
902 01,BL
902 01,BL
902 01,BL
902 01,BL
902 01,BL
902 01,BL
902 03,BL
902 01,BL
902 01,BL
902 01,BL
902 01,BL
902 01,BL
902 03,BL
902 03,BL
902 01,BL
902 03,BL
902 01,BL
902 01,BL
902 01,BL
902 01,BL
902 01,BL
902 03,BL
902 01,BL
902 03,BL
902 01,BL
902 01,BL
902 01,BL
902 01,BL
902 03,BL
902 01,BL
902 01,BL
902 01,BL
902 01,BL
902 01,BL
902 01,BL
902 01,BL
902 01,BL
902 01,BL
902 01,BL
902 01,BL
902 01,BL
902 01,BL
902 01,BL
902 01,BL
902 03,BL
902 01,BL
902 01,BL
902 01,BL
902 01,BL
902 01,BL
902 01,BL
902 03,BL
902 01,BL
902 01,BL
902 01,BL
902 01,BL
902 01,BL
902 01,BL
902 01,BL
902 03,BL
017 01,TC
017 01,TC
017 01,TC
017 01,TC
017 01,TC
017 01,TC
017 01,TC
017 01,TC
017 01,TC
017 01,TC
017 07,TC
017 06,TC
017 01,TC
017 01,TC
017 01,TC
017 01,TC
017 01,TC
017 01,TC
017 01,TC
017 01,TC
017 06,TC
017 01,TC
017 01,TC
017 01,TC
017 01,TC
017 01,TC
017 01,TC
017 06,TC
017 01,TC
017 06,TC
017 01,TC
017 01,TC
017 01,TC
017 01,TC
017 01,TC
017 01,TC
017 01,TC
017 01,TC
017 01,TC
017 06,TC
017 01,TC
017 07,TC
017 01,TC
017 04,TC
017 04,TC
017 01,TC
017 01,TC
017 01,TC
017 01,TC
017 01,TC
017 01,TC
017 01,TC
017 07,TC
017 01,TC
017 01,TC
017 01,TC
017 04,TC
017 01,TC
017 01,TC
017 01,TC
017 01,TC
017 01,TC
017 05,TC
017 07,TC
017 01,TC
017 01,TC
017 01,TC
017 01,TC
017 01,TC
080 01,PV
080 01,PV
080 06,PV
080 01,PV
080 01,PV
080 01,PV
080 01,PV
080 01,PV
080 01,PV
080 05,PV
080 06,PV
080 06,PV
080 01,PV
080 01,PV
080 01,PV
080 06,PV
080 05,PV
080 01,PV
080 01,PV
080 01,PV
080 01,PV
080 01,PV
080 05,PV
080 01,PV
080 06,PV
080 01,PV
080 05,PV
080 01,PV
080 01,PV
080 01,PV
080 01,PV
080 06,PV
080 05,PV
080 01,PV
080 01,PV
080 01,PV
080 01,PV
080 06,PV
080 05,PV
080 01,PV
080 01,PV
080 06,PV
080 01,PV
080 06,PV
080 01,PV
080 01,PV
080 01,PV
080 01,PV
080 01,PV
080 01,PV
080 01,PV
080 01,PV
080 01,PV
080 06,PV
080 01,PV
080 01,PV
080 01,PV
080 01,PV
080 01,PV
080 06,PV
080 05,PV
080 06,PV
080 06,PV
080 01,PV
080 01,PV
080 01,PV
080 06,PV
080 06,PV
080 06,PV
080 06,PV
080 01,PV
080 01,PV
080 01,PV
080 01,PV
080 01,PV
080 01,PV
080 01,PV
080 05,PV
080 06,PV
080 06,PV
080 01,PV
080 01,PV
080 01,PV
080 01,PV
080 01,PV
080 01,PV
080 05,PV
080 01,PV
080 01,PV
080 01,PV
080 01,PV
080 06,PV
080 01,PV
080 01,PV
080 01,PV
080 01,PV
080 06,PV
080 05,PV
080 05,PV
080 01,PV
080 01,PV
080 05,PV
080 01,PV
080 01,PV
080 06,PV
080 01,PV
080 01,PV
080 01,PV
080 01,PV
080 01,PV
080 01,PV
080 06,PV
080 05,PV
080 01,PV
080 06,PV
080 01,PV
080 01,PV
080 01,PV
080 01,PV
080 01,PV
080 01,PV
080 01,PV
080 06,PV
080 01,PV
080 01,PV
080 01,PV
080 01,PV
080 01,PV
080 05,PV
080 01,PV
080 01,PV
080 01,PV
080 06,PV
080 01,PV
080 06,PV
080 01,PV
080 01,PV
080 01,PV
080 05,PV
080 01,PV
080 05,PV
080 01,PV
080 01,PV
080 01,PV
080 05,PV
080 01,PV
080 01,PV
080 01,PV
080 01,PV
080 01,PV
080 05,PV
080 01,PV
080 01,PV
080 05,PV
080 01,PV
080 06,PV
080 01,PV
080 01,PV
080 05,PV
080 06,PV
080 06,PV
080 06,PV
080 05,PV
080 01,PV
080 01,PV
080 01,PV
080 06,PV
080 01,PV
080 01,PV
080 01,PV
080 01,PV
080 01,PV
080 01,PV
080 01,PV
080 01,PV
080 01,PV
080 01,PV
080 01,PV
080 01,PV
080 01,PV
080 01,PV
080 01,PV
080 01,PV
080 01,PV
080 01,PV
080 05,PV
080 01,PV
080 05,PV
080 01,PV
080 01,PV
080 01,PV
080 01,PV
080 01,PV
080 01,PV
080 01,PV
080 01,PV
080 01,PV
080 01,PV
080 05,PV
080 01,PV
080 06,PV
080 06,PV
080 01,PV
080 01,PV
080 05,PV
080 01,PV
080 01,PV
080 01,PV
080 05,PV
080 05,PV
080 01,PV
080 01,PV
080 01,PV
080 05,PV
080 05,PV
080 05,PV
080 01,PV
080 01,PV
080 01,PV
080 06,PV
080 05,PV
080 01,PV
080 05,PV
080 05,PV
080 06,PV
080 01,PV
080 01,PV
080 01,PV
080 06,PV
080 05,PV
080 01,PV
080 01,PV
080 01,PV
080 01,PV
080 01,PV
080 01,PV
080 01,PV
080 05,PV
080 01,PV
080 01,PV
080 06,PV
080 01,PV
080 01,PV
080 06,PV
080 01,PV
080 05,PV
080 06,PV
080 01,PV
080 01,PV
080 01,PV
080 01,PV
080 01,PV
080 01,PV
080 01,PV
080 01,PV
080 01,PV
080 06,PV
080 01,PV
080 01,PV
080 01,PV
080 01,PV
080 05,PV
080 01,PV
080 01,PV
080 01,PV
080 01,PV
080 06,PV
080 01,PV
080 01,PV
080 05,PV
080 01,PV
080 01,PV
080 01,PV
080 01,PV
080 01,PV
080 01,PV
080 01,PV
080 06,PV
080 01,PV
080 01,PV
080 01,PV
080 05,PV
080 01,PV
080 01,PV
080 05,PV
080 05,PV
080 05,PV
080 05,PV
080 01,PV
080 06,PV
080 06,PV
080 01,PV
080 01,PV
080 01,PV
080 05,PV
080 01,PV
080 01,PV
080 06,PV
080 01,PV
080 06,PV
080 01,PV
080 05,PV
080 06,PV
080 01,PV
080 01,PV
080 01,PV
080 01,PV
080 01,PV
080 01,PV
080 01,PV
080 01,PV
080 05,PV
080 05,PV
080 01,PV
080 01,PV
080 01,PV
080 06,PV
080 01,PV
080 01,PV
080 01,PV
080 01,PV
080 05,PV
080 01,PV
080 06,PV
080 06,PV
080 01,PV
080 01,PV
080 05,PV
080 05,PV
080 01,PV
080 05,PV
080 01,PV
080 05,PV
080 06,PV
080 01,PV
080 01,PV
080 01,PV
080 01,PV
080 01,PV
080 01,PV
080 01,PV
080 06,PV
080 01,PV
080 06,PV
080 01,PV
080 01,PV
080 01,PV
080 01,PV
080 01,PV
080 01,PV
080 06,PV
080 01,PV
080 01,PV
080 01,PV
080 01,PV
080 01,PV
080 01,PV
080 01,PV
080 05,PV
080 01,PV
080 01,PV
080 05,PV
080 01,PV
080 06,PV
034 01,ZI
034 06,ZI
034 06,ZI
034 01,ZI
034 01,ZI
034 01,ZI
034 01,ZI
034 01,ZI
034 01,ZI
034 01,ZI
034 06,ZI
034 06,ZI
034 06,ZI
034 01,ZI
034 01,ZI
034 01,ZI
034 03,ZI
034 01,ZI
034 06,ZI
034 01,ZI
034 03,ZI
034 01,ZI
034 01,ZI
034 01,ZI
034 03,ZI
034 01,ZI
034 01,ZI
034 01,ZI
034 01,ZI
034 01,ZI
034 01,ZI
034 01,ZI
034 01,ZI
034 01,ZI
034 01,ZI
034 01,ZI
034 01,ZI
034 01,ZI
034 06,ZI
034 01,ZI
034 03,ZI
034 01,ZI
034 01,ZI
034 01,ZI
034 01,ZI
034 01,ZI
034 01,ZI
034 01,ZI
034 01,ZI
034 01,ZI
034 01,ZI
034 03,ZI
034 01,ZI
034 06,ZI
034 03,ZI
034 01,ZI
034 01,ZI
034 01,ZI
034 01,ZI
034 01,ZI
034 03,ZI
034 01,ZI
034 01,ZI
034 03,ZI
034 01,ZI
034 01,ZI
034 01,ZI
034 01,ZI
034 01,ZI
034 01,ZI
034 06,ZI
034 01,ZI
034 01,ZI
034 01,ZI
034 03,ZI
034 06,ZI
034 01,ZI
034 01,ZI
034 01,ZI
034 01,ZI
034 01,ZI
034 03,ZI
034 01,ZI
034 01,ZI
034 01,ZI
034 06,ZI
034 01,ZI
034 01,ZI
034 01,ZI
034 01,ZI
034 01,ZI
034 01,ZI
034 01,ZI
034 01,ZI
034 01,ZI
034 03,ZI
034 03,ZI
034 01,ZI
034 03,ZI
034 03,ZI
034 01,ZI
034 03,ZI
034 01,ZI
034 01,ZI
034 01,ZI
034 01,ZI
034 06,ZI
034 01,ZI
034 06,ZI
034 06,ZI
034 01,ZI
034 01,ZI
034 01,ZI
034 06,ZI
034 01,ZI
034 03,ZI
034 01,ZI
034 01,ZI
034 01,ZI
034 01,ZI
034 01,ZI
034 01,ZI
034 03,ZI
034 01,ZI
034 06,ZI
034 01,ZI
034 03,ZI
034 03,ZI
034 06,ZI
034 01,ZI
034 01,ZI
034 01,ZI
034 03,ZI
034 03,ZI
034 01,ZI
034 01,ZI
034 01,ZI
034 01,ZI
034 01,ZI
034 01,ZI
034 03,ZI
034 01,ZI
034 01,ZI
034 01,ZI
034 06,ZI
034 01,ZI
034 01,ZI
034 01,ZI
034 03,ZI
034 03,ZI
034 01,ZI
034 06,ZI
034 01,ZI
034 01,ZI
034 03,ZI
034 01,ZI
034 01,ZI
034 01,ZI
034 01,ZI
034 01,ZI
052 01,KI
052 01,KI
052 01,KI
052 01,KI
052 01,KI
052 01,KI
052 05,KI
052 01,KI
052 01,KI
052 01,KI
052 01,KI
052 01,KI
052 01,KI
052 01,KI
052 01,KI
052 01,KI
052 01,KI
052 01,KI
052 01,KI
052 01,KI
052 01,KI
052 01,KI
052 01,KI
052 01,KI
052 01,KI
052 01,KI
052 01,KI
052 01,KI
052 01,KI
052 01,KI
052 01,KI
052 01,KI
052 01,KI
052 01,KI
052 01,KI
052 01,KI
052 01,KI
052 01,KI
,KI
052 01,KI
052 01,KI
052 01,KI
052 01,KI
052 01,KI
052 01,KI
052 01,KI
052 01,KI
052 01,KI
052 01,KI
052 01,KI
052 01,KI
052 01,KI
052 01,KI
052 01,KI
052 01,KI
052 05,KI
052 01,KI
052 05,KI
052 01,KI
052 01,KI
052 01,KI
052 01,KI
052 01,KI
052 01,KI
052 01,KI
052 01,KI
052 01,KI
052 01,KI
052 01,KI
052 05,KI
052 01,KI
052 01,KI
052 05,KI
052 01,KI
052 01,KI
052 01,KI
052 01,KI
052 01,KI
052 01,KI
052 01,KI
052 01,KI
052 01,KI
052 01,KI
052 01,KI
052 01,KI
052 01,KI
052 01,KI
052 01,KI
052 01,KI
052 01,KI
052 01,KI
052 01,KI
052 01,KI
052 01,KI
052 01,KI
052 01,KI
052 01,KI
052 01,KI
052 01,KI
052 01,KI
052 01,KI
052 01,KI
052 01,KI
052 01,KI
052 01,KI
052 01,KI
052 01,KI
052 05,KI
052 01,KI
052 01,KI
052 01,KI
052 01,KI
052 01,KI
052 01,KI
052 01,KI
052 01,KI
052 01,KI
052 01,KI
052 01,KI
052 01,KI
052 01,KI
052 01,KI
052 01,KI
052 01,KI
052 01,KI
052 01,KI
052 01,KI
052 01,KI
052 01,KI
052 01,KI
052 01,KI
052 01,KI
052 01,KI
052 01,KI
052 01,KI
052 01,KI
052 01,KI
052 01,KI
052 05,KI
052 01,KI
052 01,KI
052 01,KI
052 01,KI
052 01,KI
052 05,KI
052 01,KI
052 01,KI
052 01,KI
052 01,KI
052 01,KI
052 01,KI
052 01,KI
052 01,KI
052 01,KI
052 01,KI
052 05,KI
052 01,KI
052 01,KI
052 01,KI
052 01,KI
052 01,KI
052 01,KI
052 01,KI
052 01,KI
052 01,KI
052 05,KI
052 01,KI
052 01,KI
052 01,KI
052 01,KI
927 01,NI
927 01,NI
927 01,NI
927 01,NI
927 05,NI
927 01,NI
927 01,NI
927 01,NI
927 01,NI
927 01,NI
927 05,NI
927 01,NI
927 01,NI
927 05,NI
927 05,NI
927 01,NI
927 05,NI
927 01,NI
927 01,NI
927 05,NI
927 01,NI
927 01,NI
927 05,NI
927 05,NI
927 01,NI
927 01,NI
927 01,NI
927 05,NI
927 05,NI
927 01,NI
927 05,NI
927 01,NI
927 01,NI
927 01,NI
927 01,NI
927 01,NI
927 01,NI
927 01,NI
927 01,NI
927 01,NI
927 01,NI
927 05,NI
927 01,NI
927 05,NI
927 01,NI
927 01,NI
927 01,NI
927 01,NI
927 01,NI
927 01,NI
927 01,NI
927 01,NI
927 01,NI
927 01,NI
927 05,NI
927 01,NI
927 01,NI
927 01,NI
927 01,NI
927 01,NI
927 01,NI
927 01,NI
927 01,NI
927 01,NI
927 01,NI
927 05,NI
927 01,NI
927 01,NI
927 01,NI
927 05,NI
927 05,NI
927 05,NI
927 01,NI
927 01,NI
927 01,NI
927 01,NI
927 01,NI
927 01,NI
927 01,NI
927 05,NI
927 05,NI
927 01,NI
927 01,NI
927 01,NI
927 01,NI
927 05,NI
927 01,NI
927 01,NI
927 01,NI
927 01,NI
927 01,NI
927 01,NI
927 05,NI
927 01,NI
927 05,NI
927 01,NI
927 01,NI
927 01,NI
927 01,NI
927 01,NI
927 01,NI
927 01,NI
943 01,NI
943 01,NI
943 01,NI
943 01,NI
943 01,NI
943 01,NI
943 01,NI
943 01,NI
943 01,NI
943 01,NI
943 01,NI
943 01,NI
943 01,NI
943 01,NI
943 01,NI
943 01,NI
943 01,NI
943 01,NI
943 01,NI
943 01,NI
943 01,NI
943 01,NI
943 01,NI
943 01,NI
943 01,NI
943 01,NI
943 01,NI
943 01,NI
943 01,NI
943 01,NI
943 01,NI
943 01,NI
943 01,NI
943 01,NI
943 01,NI
943 01,NI
943 01,NI
943 01,NI
943 01,NI
943 01,NI
943 01,NI
943 01,NI
943 01,NI
943 01,NI
943 01,NI
943 01,NI
943 01,NI
943 01,NI
943 01,NI
943 01,NI
943 01,NI
943 01,NI
943 01,NI
943 01,NI
943 01,NI
943 01,NI
943 01,NI
943 01,NI
943 01,NI
943 01,NI
943 01,NI
943 01,NI
943 01,NI
943 01,NI
943 01,NI
955 01,NI
955 01,NI
955 01,NI
955 01,NI
955 01,NI
955 01,NI
955 01,NI
955 01,NI
955 01,NI
955 01,NI
955 01,NI
955 01,NI
955 01,NI
955 03,NI
955 01,NI
955 01,NI
955 01,NI
955 01,NI
955 01,NI
955 01,NI
955 01,NI
955 01,NI
955 01,NI
955 01,NI
955 01,NI
955 01,NI
955 01,NI
955 01,NI
955 03,NI
955 01,NI
955 01,NI
955 01,NI
955 01,NI
955 01,NI
955 01,NI
955 01,NI
955 01,NI
955 01,NI
955 01,NI
955 03,NI
955 01,NI
955 01,NI
955 01,NI
955 01,NI
955 01,NI
955 01,NI
955 01,NI
955 01,NI
955 01,NI
955 03,NI
955 01,NI
955 01,NI
955 03,NI
955 03,NI
955 01,NI
955 01,NI
955 01,NI
955 01,NI
955 01,NI
955 01,NI
955 01,NI
955 01,NI
955 01,NI
955 01,NI
955 01,NI
955 01,NI
955 01,NI
955 01,NI
955 01,NI
955 01,NI
955 01,NI
955 01,NI
955 01,NI
955 01,NI
955 01,NI
955 01,NI
955 01,NI
955 01,NI
955 01,NI
955 01,NI
955 01,NI
955 01,NI
955 01,NI
955 01,NI
955 01,NI
955 01,NI
955 01,NI
955 01,NI
955 01,NI
955 01,NI
955 01,NI
955 01,NI
955 01,NI
955 01,NI
955 01,NI
955 01,NI
955 01,NI
955 01,NI
955 01,NI
955 03,NI
955 01,NI
955 01,NI
955 01,NI
955 01,NI
955 01,NI
955 01,NI
955 01,NI
955 01,NI
955 01,NI
955 01,NI
955 01,NI
955 01,NI
955 01,NI
955 01,NI
955 01,NI
955 01,NI
955 01,NI
955 01,NI
955 01,NI
955 01,NI
955 01,NI
911 01,TC
911 01,TC
911 01,TC
911 01,TC
911 05,TC
911 01,TC
911 05,TC
911 08,TC
911 01,TC
911 01,TC
911 01,TC
911 01,TC
911 01,TC
911 05,TC
911 05,TC
911 06,TC
911 05,TC
911 01,TC
911 05,TC
911 05,TC
911 01,TC
911 01,TC
911 01,TC
911 05,TC
911 01,TC
911 06,TC
911 01,TC
911 01,TC
911 01,TC
911 05,TC
911 01,TC
911 01,TC
911 01,TC
911 01,TC
911 01,TC
911 08,TC
911 01,TC
911 08,TC
911 05,TC
911 06,TC
911 01,TC
911 05,TC
911 01,TC
911 05,TC
911 01,TC
911 01,TC
911 05,TC
911 01,TC
911 05,TC
911 05,TC
911 01,TC
911 01,TC
911 05,TC
911 01,TC
911 01,TC
911 01,TC
911 05,TC
911 01,TC
911 01,TC
911 01,TC
911 01,TC
911 05,TC
911 05,TC
911 08,TC
911 01,TC
911 01,TC
911 05,TC
911 05,TC
911 01,TC
911 01,TC
911 05,TC
911 05,TC
911 01,TC
911 01,TC
911 01,TC
911 01,TC
911 01,TC
911 01,TC
911 08,TC
911 01,TC
911 01,TC
911 05,TC
911 01,TC
911 01,TC
911 01,TC
911 01,TC
911 05,TC
911 01,TC
911 01,TC
911 01,TC
911 01,TC
911 06,TC
911 01,TC
911 01,TC
911 01,TC
911 01,TC
911 01,TC
911 05,TC
911 05,TC
911 08,TC
911 08,TC
911 08,TC
911 01,TC
911 01,TC
911 05,TC
911 01,TC
911 05,TC
911 08,TC
911 05,TC
911 01,TC
911 01,TC
911 05,TC
911 01,TC
911 01,TC
911 01,TC
911 05,TC
911 06,TC
911 01,TC
911 08,TC
911 05,TC
911 01,TC
911 05,TC
911 01,TC
911 01,TC
911 01,TC
911 01,TC
911 01,TC
911 01,TC
911 05,TC
911 05,TC
911 05,TC
911 05,TC
911 05,TC
911 01,TC
911 01,TC
911 01,TC
911 01,TC
911 01,TC
911 01,TC
911 01,TC
911 01,TC
911 01,TC
911 01,TC
911 05,TC
911 01,TC
911 05,TC
911 01,TC
911 05,TC
911 05,TC
911 01,TC
911 01,TC
911 01,TC
911 01,TC
911 01,TC
911 01,TC
911 01,TC
911 01,TC
911 01,TC
911 05,TC
911 01,TC
911 01,TC
911 01,TC
911 01,TC
911 01,TC
911 01,TC
911 05,TC
911 05,TC
911 01,TC
911 01,TC
911 01,TC
911 05,TC
911 01,TC
911 06,TC
911 05,TC
911 01,TC
911 01,TC
911 01,TC
911 06,TC
911 01,TC
911 05,TC
911 01,TC
911 05,TC
911 05,TC
911 01,TC
911 01,TC
911 05,TC
911 06,TC
911 01,TC
911 01,TC
911 01,TC
911 08,TC
911 01,TC
911 05,TC
911 01,TC
911 06,TC
911 01,TC
911 01,TC
911 01,TC
911 01,TC
911 05,TC
911 01,TC
911 01,TC
911 01,TC
911 05,TC
911 05,TC
911 01,TC
911 05,TC
911 08,TC
911 05,TC
911 05,TC
911 01,TC
911 05,TC
911 01,TC
911 01,TC
911 01,TC
911 01,TC
911 01,TC
911 05,TC
911 01,TC
911 01,TC
911 01,TC
911 08,TC
911 05,TC
911 05,TC
911 01,TC
911 05,TC
911 05,TC
911 05,TC
911 01,TC
911 01,TC
911 08,TC
911 01,TC
911 06,TC
911 05,TC
911 01,TC
911 01,TC
911 01,TC
911 05,TC
911 08,TC
911 01,TC
911 01,TC
911 05,TC
911 05,TC
911 01,TC
911 01,TC
917 01,TA
917 01,TA
917 01,TA
917 01,TA
917 01,TA
917 02,TA
917 08,TA
917 01,TA
917 01,TA
917 02,TA
917 01,TA
917 01,TA
917 01,TA
917 01,TA
917 08,TA
917 01,TA
917 02,TA
917 05,TA
917 08,TA
917 01,TA
917 02,TA
917 01,TA
917 01,TA
917 01,TA
917 02,TA
917 01,TA
917 08,TA
917 08,TA
917 01,TA
917 02,TA
917 05,TA
917 01,TA
917 05,TA
917 01,TA
917 02,TA
917 01,TA
917 01,TA
917 01,TA
917 01,TA
917 02,TA
917 01,TA
917 01,TA
917 01,TA
917 02,TA
917 01,TA
917 08,TA
917 02,TA
917 01,TA
917 01,TA
917 01,TA
917 01,TA
917 01,TA
917 01,TA
917 01,TA
917 01,TA
917 01,TA
917 05,TA
917 08,TA
917 01,TA
917 01,TA
917 01,TA
917 05,TA
917 01,TA
917 05,TA
917 01,TA
917 08,TA
917 05,TA
917 01,TA
917 01,TA
917 01,TA
917 01,TA
917 01,TA
917 01,TA
917 01,TA
917 05,TA
917 01,TA
917 05,TA
917 01,TA
917 01,TA
917 01,TA
917 01,TA
917 02,TA
917 01,TA
917 01,TA
917 01,TA
917 01,TA
917 01,TA
917 05,TA
917 01,TA
917 01,TA
917 01,TA
917 01,TA
917 01,TA
917 01,TA
917 01,TA
917 02,TA
917 01,TA
917 08,TA
917 02,TA
917 01,TA
917 08,TA
917 01,TA
917 01,TA
917 01,TA
917 08,TA
917 01,TA
917 02,TA
917 01,TA
917 01,TA
917 01,TA
917 01,TA
917 01,TA
917 02,TA
917 05,TA
917 08,TA
917 01,TA
917 05,TA
917 01,TA
917 01,TA
917 08,TA
917 01,TA
917 01,TA
917 05,TA
917 01,TA
917 02,TA
917 01,TA
917 01,TA
917 02,TA
917 01,TA
917 02,TA
917 01,TA
917 01,TA
917 01,TA
917 01,TA
917 01,TA
917 08,TA
917 01,TA
917 01,TA
917 02,TA
917 01,TA
917 01,TA
917 01,TA
917 01,TA
917 01,TA
917 01,TA
917 02,TA
917 02,TA
917 02,TA
917 01,TA
917 01,TA
917 01,TA
917 01,TA
917 01,TA
917 02,TA
917 01,TA
917 08,TA
917 05,TA
917 01,TA
917 01,TA
917 05,TA
917 01,TA
917 02,TA
917 01,TA
917 02,TA
917 02,TA
917 01,TA
917 08,TA
917 01,TA
917 01,TA
917 08,TA
917 01,TA
917 05,TA
917 01,TA
917 01,TA
917 01,TA
917 01,TA
917 01,TA
917 01,TA
917 01,TA
917 01,TA
917 02,TA
917 01,TA
917 05,TA
917 01,TA
917 01,TA
917 01,TA
917 01,TA
917 05,TA
917 01,TA
917 02,TA
917 05,TA
917 01,TA
917 01,TA
917 05,TA
917 01,TA
917 01,TA
917 08,TA
917 01,TA
917 01,TA
917 01,TA
917 02,TA
917 01,TA
917 01,TA
917 01,TA
917 01,TA
917 01,TA
917 01,TA
917 05,TA
917 01,TA
917 01,TA
917 01,TA
917 01,TA
917 01,TA
917 02,TA
917 01,TA
917 01,TA
917 01,TA
917 08,TA
917 01,TA
917 01,TA
917 01,TA
917 01,TA
917 01,TA
917 01,TA
917 02,TA
917 01,TA
917 02,TA
917 01,TA
917 01,TA
917 01,TA
917 01,TA
917 08,TA
917 01,TA
917 01,TA
917 01,TA
917 01,TA
917 01,TA
917 01,TA
917 01,TA
917 01,TA
917 01,TA
917 01,TA
917 01,TA
917 01,TA
917 01,TA
917 01,TA
917 01,TA
917 01,TA
917 01,TA
917 01,TA
917 01,TA
917 01,TA
917 01,TA
917 01,TA
917 01,TA
917 05,TA
917 01,TA
917 05,TA
917 08,TA
917 01,TA
917 01,TA
917 01,TA
917 01,TA
917 02,TA
917 01,TA
917 01,TA
917 01,TA
917 01,TA
917 01,TA
917 01,TA
917 01,TA
917 01,TA
917 01,TA
917 01,TA
917 01,TA
917 01,TA
917 01,TA
917 01,TA
917 05,TA
917 01,TA
917 01,TA
917 01,TA
917 01,TA
917 08,TA
917 02,TA
917 01,TA
917 02,TA
917 02,TA
917 01,TA
917 01,TA
093 01,PV
093 01,PV
093 01,PV
093 01,PV
093 01,PV
093 03,PV
093 03,PV
093 02,PV
093 01,PV
093 01,PV
093 02,PV
093 01,PV
093 01,PV
093 01,PV
093 01,PV
093 01,PV
093 03,PV
093 03,PV
093 01,PV
093 01,PV
093 01,PV
093 01,PV
093 02,PV
093 03,PV
093 02,PV
093 01,PV
093 01,PV
093 02,PV
093 03,PV
093 02,PV
093 03,PV
093 03,PV
093 01,PV
093 03,PV
093 03,PV
093 01,PV
093 01,PV
093 03,PV
093 01,PV
093 01,PV
093 01,PV
093 01,PV
093 02,PV
093 03,PV
093 01,PV
093 01,PV
093 02,PV
093 02,PV
093 01,PV
093 01,PV
093 03,PV
093 02,PV
093 03,PV
093 02,PV
093 02,PV
093 03,PV
093 03,PV
093 01,PV
093 03,PV
093 01,PV
093 03,PV
093 03,PV
093 01,PV
093 01,PV
093 01,PV
093 01,PV
093 01,PV
093 01,PV
093 02,PV
093 03,PV
093 01,PV
093 01,PV
093 03,PV
093 02,PV
093 01,PV
093 03,PV
093 03,PV
093 01,PV
093 03,PV
093 03,PV
093 03,PV
093 01,PV
093 03,PV
093 01,PV
093 03,PV
093 03,PV
953 01,NI
953 01,NI
953 01,NI
953 01,NI
953 01,NI
953 01,NI
953 01,NI
953 01,NI
953 01,NI
953 01,NI
953 01,NI
953 01,NI
953 01,NI
953 01,NI
953 01,NI
953 01,NI
953 05,NI
953 01,NI
953 01,NI
953 05,NI
953 01,NI
953 01,NI
953 01,NI
953 01,NI
953 01,NI
953 01,NI
953 01,NI
953 01,NI
953 01,NI
953 01,NI
953 01,NI
953 01,NI
953 01,NI
953 01,NI
953 01,NI
953 01,NI
953 01,NI
953 01,NI
953 01,NI
953 01,NI
953 01,NI
953 01,NI
953 01,NI
953 01,NI
953 01,NI
953 01,NI
953 01,NI
953 01,NI
953 01,NI
953 01,NI
953 05,NI
953 05,NI
953 01,NI
953 01,NI
953 01,NI
953 05,NI
953 01,NI
953 01,NI
953 01,NI
953 01,NI
953 01,NI
953 01,NI
953 01,NI
953 01,NI
953 01,NI
953 01,NI
953 01,NI
953 01,NI
953 01,NI
953 01,NI
953 01,NI
953 01,NI
953 01,NI
953 01,NI
953 01,NI
953 01,NI
953 01,NI
953 01,NI
953 01,NI
953 01,NI
953 01,NI
953 01,NI
953 01,NI
953 01,NI
953 01,NI
953 01,NI
953 01,NI
953 01,NI
953 01,NI
953 01,NI
953 01,NI
953 01,NI
953 01,NI
953 01,NI
953 01,NI
953 01,NI
953 01,NI
953 01,NI
953 01,NI
960 01,BC
960 01,BC
960 01,BC
960 01,BC
960 01,BC
960 01,BC
960 01,BC
960 01,BC
960 01,BC
960 01,BC
960 01,BC
960 01,BC
960 01,BC
960 01,BC
960 01,BC
960 01,BC
960 01,BC
960 01,BC
960 01,BC
960 01,BC
960 01,BC
960 01,BC
960 01,BC
960 01,BC
960 01,BC
960 01,BC
960 01,BC
960 01,BC
960 01,BC
960 01,BC
960 01,BC
960 01,BC
960 01,BC
960 01,BC
960 01,BC
960 01,BC
960 01,BC
960 01,BC
960 01,BC
960 01,BC
960 01,BC
960 01,BC
960 01,BC
960 01,BC
960 01,BC
960 01,BC
960 01,BC
960 01,BC
960 01,BC
960 01,BC
960 01,BC
960 01,BC
960 01,BC
960 01,BC
960 01,BC
960 01,BC
960 01,BC
960 01,BC
960 01,BC
960 01,BC
960 01,BC
960 01,BC
960 01,BC
960 01,BC
960 01,BC
960 01,BC
960 01,BC
960 01,BC
960 01,BC
960 01,BC
960 01,BC
960 01,BC
960 01,BC
960 01,BC
960 01,BC
960 01,BC
960 01,BC
960 01,BC
960 01,BC
960 01,BC
960 01,BC
960 01,BC
960 01,BC
960 01,BC
960 01,BC
960 01,BC
960 01,BC
960 01,BC
960 01,BC
960 01,BC
960 01,BC
960 01,BC
960 01,BC
960 01,BC
960 01,BC
960 01,BC
960 01,BC
960 01,BC
960 01,BC
960 01,BC
960 01,BC
960 01,BC
960 01,BC
960 01,BC
960 01,BC
960 01,BC
960 01,BC
960 01,BC
960 01,BC
960 01,BC
960 01,BC
960 01,BC
960 01,BC
960 01,BC
960 01,BC
960 01,BC
960 01,BC
960 01,BC
960 01,BC
960 01,BC
960 01,BC
960 01,BC
960 01,BC
960 01,BC
960 01,BC
960 01,BC
960 01,BC
960 01,BC
960 01,BC
960 01,BC
960 01,BC
960 01,BC
960 01,BC
960 01,BC
960 01,BC
960 01,BC
960 01,BC
960 01,BC
960 01,BC
960 01,BC
960 01,BC
960 01,BC
960 01,BC
960 01,BC
960 01,BC
960 01,BC
960 01,BC
960 01,BC
960 01,BC
960 01,BC
960 01,BC
960 01,BC
960 01,BC
960 01,BC
960 01,BC
960 01,BC
960 01,BC
960 01,BC
960 01,BC
960 01,BC
960 01,BC
960 01,BC
960 01,BC
960 01,BC
960 01,BC
960 01,BC
960 01,BC
960 01,BC
960 01,BC
960 01,BC
960 01,BC
010 01,ZI
010 04,ZI
010 01,ZI
010 01,ZI
010 03,ZI
010 01,ZI
010 09,ZI
010 01,ZI
010 01,ZI
010 01,ZI
010 01,ZI
010 09,ZI
010 01,ZI
010 08,ZI
010 03,ZI
010 08,ZI
010 01,ZI
010 01,ZI
010 09,ZI
010 15,ZI
010 01,ZI
010 01,ZI
010 01,ZI
010 04,ZI
010 08,ZI
010 09,ZI
010 01,ZI
010 03,ZI
010 03,ZI
010 04,ZI
010 04,ZI
010 04,ZI
010 14,ZI
010 03,ZI
010 07,ZI
010 01,ZI
010 01,ZI
010 01,ZI
010 04,ZI
010 01,ZI
010 14,ZI
010 01,ZI
010 08,ZI
010 01,ZI
010 09,ZI
010 03,ZI
010 09,ZI
010 01,ZI
010 07,ZI
010 01,ZI
010 03,ZI
010 04,ZI
010 03,ZI
010 01,ZI
010 01,ZI
010 01,ZI
010 01,ZI
010 01,ZI
010 03,ZI
010 08,ZI
010 03,ZI
010 01,ZI
010 15,ZI
010 01,ZI
010 01,ZI
010 14,ZI
010 01,ZI
010 01,ZI
010 09,ZI
010 01,ZI
010 01,ZI
010 01,ZI
010 03,ZI
010 03,ZI
010 01,ZI
010 01,ZI
010 04,ZI
010 08,ZI
010 03,ZI
010 01,ZI
010 01,ZI
010 01,ZI
010 04,ZI
010 14,ZI
010 04,ZI
010 07,ZI
010 01,ZI
010 01,ZI
010 08,ZI
010 15,ZI
010 08,ZI
010 03,ZI
010 03,ZI
010 01,ZI
010 08,ZI
010 01,ZI
010 04,ZI
010 01,ZI
010 03,ZI
010 03,ZI
010 01,ZI
010 01,ZI
010 01,ZI
010 01,ZI
010 01,ZI
010 07,ZI
010 03,ZI
010 01,ZI
010 08,ZI
010 08,ZI
010 04,ZI
010 09,ZI
010 01,ZI
010 01,ZI
010 01,ZI
010 09,ZI
010 01,ZI
010 01,ZI
010 09,ZI
010 03,ZI
010 01,ZI
010 01,ZI
010 03,ZI
010 01,ZI
010 01,ZI
010 14,ZI
010 03,ZI
010 03,ZI
010 01,ZI
010 01,ZI
010 01,ZI
010 03,ZI
010 04,ZI
010 04,ZI
010 01,ZI
010 01,ZI
010 03,ZI
010 01,ZI
010 09,ZI
010 01,ZI
010 01,ZI
010 01,ZI
010 01,ZI
010 07,ZI
010 04,ZI
010 04,ZI
010 01,ZI
010 01,ZI
010 01,ZI
010 01,ZI
010 08,ZI
010 01,ZI
010 01,ZI
010 01,ZI
010 09,ZI
010 01,ZI
010 07,ZI
010 01,ZI
010 14,ZI
010 01,ZI
010 07,ZI
010 15,ZI
010 04,ZI
010 01,ZI
010 01,ZI
010 01,ZI
010 01,ZI
010 15,ZI
010 01,ZI
010 01,ZI
010 01,ZI
010 01,ZI
010 04,ZI
010 04,ZI
010 03,ZI
010 14,ZI
010 03,ZI
010 01,ZI
010 01,ZI
010 01,ZI
010 03,ZI
010 08,ZI
010 08,ZI
010 15,ZI
010 01,ZI
010 01,ZI
010 01,ZI
010 01,ZI
010 01,ZI
010 07,ZI
010 15,ZI
010 01,ZI
010 01,ZI
010 01,ZI
010 08,ZI
010 04,ZI
010 03,ZI
010 08,ZI
010 01,ZI
010 01,ZI
010 04,ZI
010 15,ZI
010 01,ZI
010 01,ZI
010 01,ZI
010 14,ZI
010 01,ZI
010 01,ZI
010 04,ZI
010 03,ZI
010 08,ZI
010 01,ZI
010 09,ZI
010 01,ZI
010 07,ZI
010 01,ZI
010 01,ZI
010 09,ZI
010 08,ZI
010 08,ZI
010 03,ZI
010 01,ZI
010 07,ZI
010 01,ZI
010 01,ZI
010 01,ZI
010 01,ZI
010 04,ZI
010 01,ZI
010 01,ZI
010 08,ZI
010 15,ZI
010 08,ZI
010 04,ZI
010 09,ZI
010 03,ZI
010 04,ZI
010 15,ZI
010 04,ZI
010 01,ZI
010 01,ZI
010 08,ZI
010 01,ZI
010 04,ZI
010 03,ZI
010 01,ZI
010 01,ZI
010 01,ZI
010 03,ZI
010 08,ZI
010 04,ZI
010 01,ZI
010 01,ZI
010 01,ZI
010 03,ZI
010 01,ZI
010 01,ZI
010 01,ZI
010 03,ZI
010 01,ZI
010 03,ZI
010 03,ZI
010 01,ZI
010 01,ZI
010 01,ZI
010 09,ZI
010 03,ZI
010 01,ZI
010 01,ZI
010 01,ZI
010 08,ZI
010 09,ZI
010 04,ZI
010 01,ZI
010 04,ZI
010 01,ZI
010 01,ZI
010 01,ZI
010 03,ZI
010 08,ZI
010 08,ZI
010 01,ZI
010 08,ZI
010 15,ZI
010 01,ZI
010 01,ZI
010 04,ZI
010 08,ZI
010 01,ZI
010 04,ZI
010 01,ZI
010 04,ZI
010 08,ZI
010 03,ZI
010 03,ZI
010 01,ZI
010 08,ZI
010 08,ZI
010 07,ZI
010 01,ZI
010 01,ZI
010 01,ZI
010 03,ZI
010 01,ZI
010 03,ZI
010 01,ZI
010 09,ZI
010 04,ZI
010 01,ZI
010 07,ZI
010 04,ZI
010 01,ZI
010 01,ZI
010 04,ZI
010 04,ZI
010 01,ZI
010 01,ZI
010 01,ZI
010 01,ZI
010 01,ZI
010 09,ZI
010 04,ZI
010 01,ZI
010 15,ZI
010 08,ZI
010 04,ZI
010 08,ZI
010 01,ZI
010 07,ZI
010 01,ZI
010 09,ZI
010 01,ZI
010 01,ZI
010 07,ZI
010 01,ZI
010 04,ZI
010 04,ZI
010 03,ZI
010 04,ZI
010 03,ZI
010 04,ZI
010 01,ZI
010 08,ZI
010 03,ZI
010 08,ZI
010 08,ZI
010 04,ZI
010 01,ZI
010 03,ZI
010 01,ZI
010 08,ZI
010 01,ZI
010 03,ZI
010 01,ZI
010 01,ZI
010 01,ZI
010 01,ZI
010 07,ZI
010 01,ZI
010 01,ZI
010 04,ZI
010 01,ZI
010 03,ZI
010 01,ZI
010 01,ZI
010 01,ZI
010 03,ZI
010 01,ZI
010 01,ZI
010 01,ZI
010 01,ZI
010 01,ZI
010 01,ZI
010 04,ZI
010 04,ZI
010 01,ZI
010 01,ZI
010 08,ZI
010 01,ZI
010 09,ZI
010 01,ZI
010 01,ZI
010 01,ZI
010 01,ZI
010 01,ZI
010 01,ZI
010 01,ZI
010 01,ZI
010 04,ZI
010 01,ZI
010 15,ZI
010 01,ZI
010 01,ZI
010 03,ZI
010 01,ZI
010 01,ZI
010 01,ZI
010 03,ZI
010 08,ZI
010 03,ZI
010 09,ZI
010 07,ZI
010 01,ZI
010 01,ZI
010 14,ZI
010 15,ZI
010 14,ZI
010 04,ZI
010 01,ZI
010 08,ZI
010 08,ZI
010 08,ZI
010 08,ZI
010 01,ZI
010 01,ZI
010 01,ZI
010 04,ZI
010 09,ZI
010 01,ZI
010 01,ZI
010 01,ZI
010 09,ZI
010 01,ZI
010 09,ZI
010 03,ZI
010 01,ZI
010 01,ZI
010 08,ZI
010 01,ZI
010 08,ZI
010 09,ZI
010 15,ZI
010 01,ZI
010 01,ZI
010 01,ZI
010 03,ZI
010 08,ZI
010 08,ZI
010 01,ZI
010 01,ZI
010 08,ZI
010 01,ZI
010 01,ZI
010 08,ZI
010 01,ZI
010 08,ZI
010 04,ZI
010 01,ZI
010 01,ZI
010 01,ZI
010 01,ZI
010 03,ZI
010 01,ZI
010 01,ZI
010 14,ZI
010 14,ZI
010 03,ZI
010 08,ZI
010 03,ZI
010 09,ZI
010 08,ZI
010 01,ZI
010 08,ZI
010 07,ZI
010 07,ZI
010 03,ZI
010 03,ZI
010 04,ZI
010 09,ZI
010 03,ZI
010 04,ZI
010 03,ZI
010 01,ZI
010 03,ZI
010 08,ZI
