985 13,BC
980 44,BC
925 45,TA
059 72,PV
086 41,PV
038 22,ZI
082 52,PV
913 05,TC
067 32,PV
078 01,KI
951 22,NI
951 34,NI
900 42,BL
930 03,TA
946 51,NI
946 51,NI
951 42,NI
031 01,ZI
941 23,NI
086 37,PV
065 43,PV
943 42,NI
956 06,NI
049 55,KI
935 41,NI
053 13,KI
951 34,NI
094 31,PV
029 52,ZI
082 67,PV
962 61,BC
951 53,NI
980 26,BC
013 54,ZI
013 11,ZI
916 13,TC
976 64,BC
962 61,BC
930 30,TA
951 15,NI
076 84,KI
076 61,KI
044 45,KI
962 68,BC
969 01,BC
951 46,NI
976 32,BC
900 84,BL
072 54,KI
946 54,NI
082 41,PV
082 73,PV
935 51,NI
943 65,NI
930 04,TA
979 01,BC
976 11,BC
053 04,PV
991 11,BC
930 08,TA
946 01,NI
091 01,PV
044 25,KI
921 01,TA
969 01,BC
972 25,TC
941 01,NI
010 04,ZI
,TC
072 04,KI
972 48,TC
966 15,BC
,BC
966 63,BC
,BC
094 12,PV
969 01,BC
076 32,KI
982 51,BC
085 01,PV
085 01,PV
085 01,PV
086 31,PV
941 49,NI
967 01,BC
086 42,PV
040 16,KI
067 23,PV
073 01,KI
922 01,TA
956 18,TC
059 35,PV
980 21,BC
991 26,BC
946 34,NI
935 03,NI
916 38,TC
916 31,TC
974 01,BC
053 05,PV
956 07,NI
982 01,BC
086 35,PV
930 34,TA
013 05,ZI
943 53,NI
038 11,ZI
067 81,PV
951 75,NI
018 03,TC
089 01,PV
941 48,NI
980 01,BC
986 01,BC
956 12,NI
930 52,TA
086 14,PV
969 01,BC
018 61,TC
044 58,KI
032 04,ZI
090 42,PV
029 63,ZI
072 64,KI
044 42,KI
031 01,ZI
038 42,ZI
930 36,TA
094 02,PV
014 01,ZI
026 01,ZI
976 64,BC
031 01,ZI
044 13,KI
900 27,BL
082 35,PV
018 02,TC
076 72,KI
935 36,NI
941 41,NI
034 83,ZI
053 15,KI
071 01,KI
049 21,KI
020 01,TC
072 53,KI
044 45,KI
076 41,KI
027 05,ZI
972 29,TC
053 76,KI
976 53,BC
935 74,NI
919 34,TA
034 03,ZI
053 06,PV
908 77,TA
943 56,NI
053 32,KI
919 07,TA
911 01,TC
957 01,TC
986 01,BC
956 07,NI
010 04,ZI
930 52,TA
930 32,TA
072 44,KI
900 82,BL
072 44,KI
072 43,KI
038 15,ZI
044 16,KI
023 02,ZI
023 11,ZI
038 44,ZI
956 01,NI
980 32,BC
913 25,TC
913 25,TC
029 42,ZI
032 21,ZI
032 21,ZI
032 23,ZI
044 57,KI
031 01,ZI
930 31,TA
018 15,TC
956 08,NI
038 45,ZI
082 66,PV
913 11,TC
090 05,PV
946 16,NI
946 14,NI
086 04,PV
947 03,NI
044 16,KI
919 09,TA
929 01,TA
018 52,TC
919 30,TA
935 05,NI
049 12,KI
956 01,NI
972 01,TC
972 01,TC
920 55,TA
946 39,NI
091 01,PV
076 53,KI
925 26,BL
919 08,TA
018 53,TC
044 47,KI
984 01,BC
038 44,ZI
956 36,TC
018 53,TC
044 45,KI
900 32,BL
068 01,PV
919 61,TA
922 09,TA
908 77,TA
908 77,TA
908 79,TA
076 32,KI
935 87,NI
913 07,TC
956 18,TC
913 26,TC
076 43,KI
980 41,BC
076 62,KI
049 42,KI
072 05,KI
982 67,BC
951 13,NI
941 31,NI
,BL
851 10,BL
841 10,BL
,BL
,BL
851 10,BL
,BL
841 03,BL
,BL
,BL
821 06,BL
,BL
851 10,BL
,BL
,BL
831 07,BL
821 07,BL
841 06,BL
962 05,BC
976 64,BC
049 34,KI
076 05,KI
968 01,BC
066 01,PV
985 53,BC
066 01,PV
082 05,PV
067 01,PV
919 27,TA
916 42,TC
907 01,TC
946 17,NI
082 03,PV
980 46,KI
029 53,ZI
010 04,ZI
972 12,TC
076 12,KI
962 61,BC
091 01,PV
091 01,PV
985 02,BC
,BC
957 01,TC
087 01,PV
906 13,TC
067 73,PV
028 01,ZI
082 74,PV
082 74,PV
086 11,PV
082 41,PV
935 02,NI
018 22,TC
038 22,ZI
029 57,ZI
032 23,ZI
010 14,ZI
908 85,TA
958 42,TC
013 54,ZI
976 51,BC
916 25,TC
090 31,PV
982 65,BC
991 01,BC
972 32,TC
976 62,BC
976 62,BC
053 73,PV
943 55,NI
018 12,TC
049 51,KI
086 43,PV
946 35,NI
919 28,TA
029 57,ZI
916 42,TC
931 01,TA
010 03,ZI
023 36,ZI
962 33,BC
962 34,BC
980 23,BC
044 43,KI
985 12,BC
076 77,KI
038 23,ZI
072 15,KI
900 86,BL
045 01,KI
082 71,PV
053 04,PV
977 01,BC
013 61,ZI
919 10,TA
090 22,PV
044 20,KI
906 14,TC
991 02,BC
032 23,ZI
966 01,BC
968 01,BC
053 14,PV
985 51,BC
986 01,BC
082 33,PV
044 47,KI
072 44,KI
991 22,BC
059 93,PV
930 39,TA
022 04,ZI
044 73,KI
044 13,KI
985 41,BC
044 41,KI
090 23,PV
977 01,BC
053 62,KI
094 34,PV
972 45,TC
038 04,ZI
946 38,NI
985 24,BC
076 13,KI
014 01,ZI
010 09,ZI
966 01,BC
082 42,PV
956 05,NI
916 11,TC
026 01,ZI
962 41,BC
962 62,BC
090 33,PV
951 17,NI
951 17,NI
094 14,PV
980 42,BC
076 05,KI
010 01,ZI
080 01,PV
090 16,PV
906 33,TA
972 48,TC
951 24,NI
962 52,BC
044 71,KI
916 11,TC
919 43,TA
971 01,TC
086 02,PV
086 37,PV
956 37,TC
985 22,BC
908 48,TA
951 24,NI
067 16,PV
067 02,PV
962 51,BC
974 01,BC
905 01,TA
,ZI
022 04,ZI
022 01,ZI
916 21,TC
935 61,NI
935 24,NI
935 68,NI
951 43,NI
044 45,KI
985 58,BC
930 40,TA
094 35,PV
946 02,NI
986 01,BC
044 14,KI
934 01,NI
951 17,NI
953 01,NI
908 43,TA
900 89,BL
946 03,NI
906 04,TA
916 27,TC
935 63,NI
900 83,BL
972 29,TC
991 25,BC
072 11,KI
044 71,KI
930 36,TA
985 45,BC
930 34,TA
941 32,NI
951 07,NI
962 41,BC
951 03,NI
956 16,NI
991 22,BC
018 16,TC
082 14,PV
991 41,BC
076 17,KI
093 03,PV
929 01,TA
943 52,NI
930 39,TA
972 46,TC
979 01,BC
945 01,NI
945 04,NI
076 81,KI
974 01,BC
949 01,NI
956 08,NI
941 05,NI
067 23,PV
076 32,KI
916 01,TC
034 06,ZI
067 52,PV
985 02,BC
976 71,BC
083 01,PV
049 64,BC
991 01,BC
082 07,PV
082 56,PV
920 42,TA
951 82,NI
018 56,TC
900 89,BL
059 06,PV
059 06,PV
985 03,BC
013 54,ZI
076 71,KI
093 01,PV
013 15,ZI
946 19,NI
076 43,KI
053 33,KI
049 36,KI
956 53,TC
076 43,KI
925 06,TA
013 55,ZI
023 13,ZI
023 56,ZI
953 05,NI
094 34,PV
079 01,KI
976 52,BC
925 08,TA
946 03,NI
980 31,BC
032 33,ZI
951 61,NI
941 11,NI
931 01,TA
930 08,TA
027 12,ZI
065 42,PV
980 43,BC
980 43,BC
044 47,KI
049 12,KI
039 01,ZI
048 01,KI
067 35,PV
930 51,TA
956 54,TC
082 71,PV
991 35,BC
082 63,PV
076 12,KI
053 22,KI
038 42,ZI
094 05,PV
076 61,KI
093 03,PV
045 01,KI
067 12,PV
946 03,NI
941 50,NI
900 29,BL
049 73,KI
919 53,TA
969 01,BC
053 75,KI
935 85,NI
029 57,ZI
031 01,ZI
031 01,ZI
082 13,PV
027 05,ZI
020 54,TC
094 31,PV
962 12,BC
962 12,BC
962 05,BC
935 04,NI
962 65,BC
957 03,TC
038 02,ZI
925 81,NI
022 01,ZI
985 53,BC
943 42,NI
972 24,TC
039 01,ZI
972 25,TC
985 52,BC
013 31,ZI
013 31,ZI
985 52,BC
919 01,TA
032 23,ZI
085 01,PV
023 54,ZI
027 55,ZI
927 05,NI
049 55,KI
094 13,PV
067 82,PV
013 32,ZI
054 01,PV
090 02,PV
972 26,TC
935 56,NI
044 71,KI
076 41,KI
914 01,TC
962 61,BC
919 54,TA
053 61,KI
094 23,PV
976 52,BC
985 53,BC
972 27,TC
930 31,TA
090 01,PV
985 26,BC
049 25,KI
049 71,KI
049 73,KI
020 51,TC
906 02,TA
053 02,PV
900 88,BL
027 05,ZI
082 38,PV
991 28,BC
013 62,ZI
020 53,TC
962 63,BC
020 61,TC
985 51,BC
919 65,TA
027 41,ZI
976 98,BC
018 02,TC
974 01,BC
974 01,BC
914 43,TC
930 02,TA
935 31,NI
925 63,TA
991 02,BC
913 32,TC
039 01,ZI
013 04,ZI
966 21,BC
967 01,BC
913 33,TC
966 01,BC
962 61,BC
956 54,TC
919 52,TA
966 61,BC
956 31,NI
930 39,TA
038 02,ZI
020 01,TC
906 15,TC
949 05,NI
951 45,NI
972 43,TC
919 27,TA
962 41,BC
913 26,TC
957 01,TC
951 02,NI
919 02,TA
920 61,TA
957 01,TC
991 24,BC
991 25,BC
962 55,BC
925 02,TA
935 85,NI
951 71,NI
916 41,TC
991 03,BC
920 61,TA
935 81,NI
972 23,TC
985 42,BC
920 52,TA
962 51,BC
930 14,TA
935 34,NI
976 03,BC
013 41,ZI
925 41,TA
962 41,BC
941 10,NI
976 02,BC
038 02,ZI
026 01,ZI
072 13,KI
018 21,TC
922 04,TA
017 01,TC
941 43,NI
935 37,NI
059 81,PV
930 10,TA
027 44,ZI
962 75,BC
038 48,ZI
023 45,ZI
951 06,NI
900 44,BL
935 87,NI
962 65,BC
018 16,TC
053 02,PV
935 61,NI
976 39,BC
985 41,BC
033 01,ZI
976 53,BC
076 74,KI
022 01,ZI
922 41,TA
053 14,PV
980 23,BC
038 02,ZI
949 01,NI
962 68,BC
090 23,PV
980 23,BC
083 01,PV
082 04,PV
044 01,KI
962 51,BC
082 01,PV
913 03,TC
980 03,BC
049 42,KI
991 02,BC
044 31,KI
935 03,NI
982 62,BC
985 07,BC
024 01,ZI
086 45,PV
086 12,PV
020 55,TC
972 01,TC
018 41,TC
957 03,TC
082 07,PV
941 35,NI
980 35,BC
913 23,TC
090 11,PV
900 90,BL
976 97,BC
922 08,TA
908 62,TA
038 23,ZI
962 61,BC
980 41,BC
082 71,PV
032 12,ZI
053 05,PV
067 73,PV
082 06,PV
913 33,TC
991 02,BC
976 33,BC
072 15,KI
962 12,BC
922 21,TA
962 71,BC
962 52,BC
086 44,PV
038 11,ZI
018 52,TC
029 63,ZI
945 01,NI
082 52,PV
946 56,NI
980 21,BC
023 02,ZI
900 42,BL
929 01,TA
930 21,TA
091 01,PV
015 01,ZI
094 31,PV
044 45,KI
018 22,TC
044 19,KI
065 41,PV
991 27,BC
979 01,BC
941 35,NI
956 11,NI
038 45,ZI
956 55,TC
076 62,KI
044 02,KI
920 56,TA
962 68,BC
044 02,KI
972 22,TC
941 31,NI
952 01,NI
075 01,KI
930 38,TA
930 03,TA
013 15,ZI
976 52,BC
072 05,KI
972 46,TC
935 66,NI
077 01,KI
072 33,KI
032 14,ZI
982 51,BC
087 01,PV
986 01,BC
986 01,BC
986 01,BC
058 01,PV
982 66,BC
976 64,BC
082 16,PV
029 57,ZI
038 42,ZI
013 32,ZI
065 01,PV
087 01,PV
086 02,PV
086 42,PV
082 37,PV
082 12,PV
082 67,PV
930 05,TA
086 02,PV
900 61,BL
072 43,KI
924 01,TA
032 11,ZI
924 01,TA
058 01,PV
972 28,TC
020 53,TC
976 64,BC
013 02,ZI
943 42,NI
908 45,TA
044 14,KI
044 10,KI
056 01,KI
982 01,BC
980 31,BC
049 12,KI
980 46,KI
049 22,KI
982 62,BC
980 04,BC
982 52,BC
049 16,BC
980 35,BC
049 16,BC
049 13,BC
934 01,NI
082 67,PV
059 42,PV
086 04,PV
094 05,PV
087 01,PV
094 06,PV
991 22,BC
049 32,KI
049 24,KI
951 08,NI
044 55,KI
935 25,NI
951 17,NI
980 02,BC
032 14,ZI
044 57,KI
053 05,PV
985 56,BC
082 66,PV
982 52,BC
090 22,PV
094 31,PV
027 05,ZI
067 22,PV
941 23,NI
044 14,KI
027 32,ZI
067 52,PV
044 02,KI
981 01,BC
018 02,TC
945 01,NI
053 13,KI
038 22,ZI
059 04,PV
039 01,ZI
044 02,KI
987 01,BC
956 03,NI
980 33,BC
962 31,BC
951 33,NI
065 45,PV
956 55,TC
985 11,BC
065 34,PV
913 07,TC
976 66,BC
053 33,KI
913 21,TC
966 61,BC
966 71,BC
900 43,BL
972 51,TC
082 56,PV
044 57,KI
080 01,PV
049 34,KI
067 12,PV
086 46,PV
094 31,PV
053 05,PV
086 45,PV
053 01,KI
976 03,BC
900 01,BL
023 05,ZI
072 16,KI
018 02,TC
090 23,PV
061 01,PV
906 04,TA
090 02,PV
027 05,ZI
053 76,KI
072 34,KI
067 83,PV
086 14,PV
929 01,TA
055 63,KI
976 68,BC
049 23,KI
053 33,KI
093 02,PV
082 35,PV
044 45,KI
985 53,BC
082 35,PV
094 34,PV
086 42,PV
086 22,PV
927 01,NI
976 61,BC
053 63,KI
027 13,ZI
023 22,ZI
018 03,TC
906 31,TA
014 01,ZI
023 54,ZI
032 23,ZI
945 01,NI
966 01,BC
014 01,ZI
094 35,PV
073 01,KI
,TA
018 61,TC
065 01,PV
053 32,KI
053 75,KI
072 33,KI
981 01,BC
980 31,BC
980 02,BC
044 21,KI
053 61,KI
966 63,BC
916 14,TC
935 84,NI
947 01,NI
094 05,PV
946 16,NI
930 34,TA
908 51,TA
985 57,BC
951 42,NI
059 94,PV
049 32,KI
935 55,NI
962 71,BC
962 65,BC
962 68,BC
935 86,NI
022 01,ZI
020 61,TC
073 01,KI
020 61,TC
906 05,TA
962 05,BC
951 32,NI
919 65,TA
027 41,ZI
976 81,BC
018 03,TC
974 01,BC
974 01,BC
018 35,TC
930 36,TA
930 52,TA
935 31,NI
916 24,TC
991 02,BC
913 33,TC
038 46,ZI
013 06,ZI
966 01,BC
967 01,BC
972 48,TC
913 33,TC
946 12,NI
966 04,BC
913 24,TC
962 61,BC
956 54,TC
919 06,TA
966 71,BC
956 31,NI
930 39,TA
038 02,ZI
020 01,TC
906 15,TC
949 05,NI
951 45,NI
972 71,TC
919 27,TA
962 43,BC
913 26,TC
930 13,TA
956 41,TC
956 08,NI
919 03,TA
920 62,TA
957 03,TC
991 24,BC
991 25,BC
974 05,BC
962 55,BC
925 03,TA
935 84,NI
951 71,NI
914 42,TC
991 03,BC
956 03,NI
920 66,TA
935 81,NI
972 22,TC
980 26,BC
920 52,TA
962 51,BC
930 33,TA
926 01,TA
935 34,NI
013 42,ZI
962 41,BC
925 71,NI
976 02,BC
038 02,ZI
018 21,TC
017 01,TC
952 01,NI
935 37,NI
062 01,PV
027 44,ZI
962 75,BC
038 48,ZI
023 45,ZI
951 06,NI
020 62,TC
072 02,KI
934 01,NI
925 45,TA
980 04,BC
951 94,NI
980 23,BC
951 02,NI
044 02,KI
951 91,NI
067 35,PV
020 01,TC
059 11,PV
059 12,PV
916 32,TC
010 04,ZI
966 78,BC
082 33,PV
067 73,PV
089 01,PV
014 01,ZI
086 11,PV
067 01,PV
020 01,TC
913 32,TC
985 01,BC
086 06,PV
053 15,KI
059 71,PV
082 67,PV
090 42,PV
958 54,TC
985 25,BC
906 12,TA
072 06,KI
013 52,ZI
916 33,TC
916 16,TC
980 52,BC
076 03,KI
065 22,PV
059 16,PV
916 14,TC
044 42,KI
034 01,ZI
076 15,KI
049 44,KI
076 22,KI
013 41,ZI
962 05,BC
053 51,KI
982 62,BC
936 01,NI
982 66,BC
985 22,BC
919 35,TA
916 12,TC
980 13,BC
980 12,BC
976 37,BC
065 45,PV
976 45,BC
935 61,NI
976 31,BC
966 11,BC
966 11,BC
935 29,NI
935 27,NI
966 53,BC
925 23,BL
916 11,TC
951 25,NI
067 23,PV
023 52,ZI
903 01,BL
049 43,KI
076 37,KI
991 42,BC
956 13,NI
916 11,TC
980 25,BC
029 52,ZI
930 39,TA
922 21,TA
082 66,PV
034 91,ZI
980 50,BC
049 13,BC
067 45,PV
941 44,NI
066 01,PV
059 92,PV
076 62,KI
090 03,PV
906 13,TC
903 01,BL
941 50,NI
,NI
072 51,KI
022 04,ZI
985 42,BC
086 36,PV
027 32,ZI
930 41,TA
013 56,ZI
032 31,ZI
044 12,KI
972 45,TC
980 44,BC
943 65,NI
985 26,BC
027 55,ZI
067 41,PV
064 01,PV
082 15,PV
086 33,PV
082 12,PV
082 33,PV
082 33,PV
082 33,PV
951 76,NI
913 04,TC
072 63,KI
935 84,NI
900 25,BL
044 02,KI
968 01,BC
090 21,PV
946 31,NI
955 01,NI
980 42,BC
946 54,NI
053 63,KI
991 08,BC
044 44,KI
951 75,NI
949 01,NI
972 32,TC
908 64,TA
991 21,BC
922 05,TA
956 38,TC
982 62,BC
976 81,BC
906 06,TC
972 13,TC
044 74,KI
956 33,TC
953 01,NI
049 18,BC
900 84,BL
059 94,PV
967 01,BC
020 01,TC
031 01,ZI
019 01,TC
974 05,BC
991 07,BC
053 11,KI
019 01,TC
969 01,BC
946 52,NI
991 21,BC
935 35,NI
072 11,KI
072 64,KI
985 26,BC
985 41,BC
991 10,BC
935 82,NI
935 75,NI
027 53,ZI
911 05,TC
034 83,ZI
038 45,ZI
980 42,BC
985 51,BC
900 28,BL
951 12,NI
913 05,TC
962 12,BC
946 39,NI
032 23,ZI
076 72,KI
932 01,TA
067 13,PV
900 86,BL
906 32,TA
906 21,TC
053 03,PV
049 43,KI
935 06,NI
013 52,ZI
900 54,BL
976 34,BC
956 21,NI
930 21,TA
036 01,ZI
055 61,KI
083 01,PV
974 01,BC
065 12,PV
900 63,BL
082 56,PV
032 04,ZI
083 01,PV
090 31,PV
935 03,NI
966 11,BC
067 61,PV
032 21,ZI
972 31,TC
922 31,TA
962 41,BC
033 01,ZI
053 22,KI
980 42,BC
044 05,KI
949 07,NI
930 39,TA
067 24,PV
900 42,BL
930 10,TA
976 52,BC
082 42,PV
966 24,BC
958 44,TC
086 41,PV
059 13,PV
925 22,TA
082 03,PV
977 01,BC
065 31,PV
919 43,TA
937 01,NI
951 48,NI
082 63,PV
018 17,TC
976 75,BC
066 01,PV
072 42,KI
026 01,ZI
094 05,PV
013 19,ZI
038 22,ZI
962 05,BC
029 57,ZI
919 30,TA
919 30,TA
919 31,TA
044 23,KI
941 34,NI
967 01,BC
072 11,KI
930 03,TA
094 35,PV
962 25,BC
941 10,NI
906 05,TA
059 56,PV
976 53,BC
925 01,TA
023 22,ZI
038 44,ZI
916 01,TC
086 36,PV
951 96,NI
023 55,ZI
951 73,NI
925 23,TA
049 16,BC
049 16,BC
951 43,NI
985 32,BC
072 52,KI
976 02,BC
935 36,NI
980 02,BC
980 04,BC
958 45,TC
059 04,PV
972 25,TC
049 45,KI
072 32,KI
935 57,NI
089 01,PV
930 04,TA
059 94,PV
943 52,NI
094 12,PV
072 05,KI
065 22,PV
925 92,TA
038 22,ZI
034 82,ZI
053 42,KI
934 01,NI
962 25,BC
900 43,BL
023 02,ZI
068 01,PV
985 01,BC
935 32,NI
935 32,NI
067 72,PV
916 37,TC
935 32,NI
087 01,PV
985 31,BC
982 52,BC
044 18,KI
072 36,KI
956 12,NI
049 62,BC
934 01,NI
972 44,TC
082 71,PV
067 83,PV
943 65,NI
018 54,TC
946 01,NI
943 57,NI
013 14,ZI
093 03,PV
991 27,BC
935 02,NI
943 58,NI
992 01,BC
065 32,PV
067 83,PV
082 21,PV
972 17,TC
951 24,NI
090 01,PV
900 84,BL
076 84,KI
082 12,PV
079 01,KI
079 01,KI
018 16,TC
076 33,KI
038 15,ZI
067 45,PV
937 01,NI
076 02,KI
962 34,BC
985 22,BC
018 02,TC
919 55,TA
908 49,TA
053 04,PV
945 01,NI
076 13,KI
013 32,ZI
044 47,KI
044 47,KI
044 47,KI
044 47,KI
946 19,NI
090 11,PV
049 55,KI
044 58,KI
94110,NI
082 01,PV
980 45,BC
935 64,NI
038 45,ZI
060 01,PV
059 60,PV
991 06,BC
076 62,KI
991 22,BC
059 12,PV
920 64,TA
956 02,NI
966 11,BC
013 19,ZI
972 15,TC
034 01,ZI
094 21,PV
966 77,BC
951 53,NI
969 01,BC
038 43,ZI
958 44,TC
053 02,PV
919 08,TA
991 10,BC
082 44,PV
067 72,PV
980 55,BC
018 02,TC
023 22,ZI
029 41,ZI
076 31,KI
958 45,TC
946 19,NI
958 45,TC
019 01,TC
962 25,BC
949 11,NI
023 22,ZI
072 36,KI
023 04,ZI
925 71,NI
930 03,TA
914 41,TC
930 07,TA
053 51,KI
086 22,PV
086 22,PV
935 03,NI
941 62,NI
026 01,ZI
049 23,KI
087 01,PV
086 22,PV
049 35,KI
980 52,BC
972 02,TC
921 01,TA
922 04,TA
916 31,TC
066 01,PV
086 46,PV
913 05,TC
956 54,TC
082 32,PV
082 32,PV
055 52,KI
985 05,BC
082 52,PV
044 13,KI
065 11,PV
958 41,TC
991 09,BC
013 54,ZI
946 03,NI
067 66,PV
090 31,PV
072 61,KI
951 78,NI
053 42,KI
076 42,KI
929 01,TA
930 35,TA
943 56,NI
067 61,PV
941 33,NI
072 15,KI
093 01,PV
,NI
962 05,BC
086 11,PV
044 55,KI
073 01,KI
941 06,NI
034 96,ZI
941 21,NI
976 52,BC
027 05,ZI
956 13,NI
947 01,NI
980 32,BC
013 13,ZI
032 04,ZI
038 52,ZI
072 63,KI
023 56,ZI
966 61,BC
908 48,TA
018 31,TC
967 01,BC
920 01,TA
049 16,BC
086 43,PV
976 34,BC
090 05,PV
023 21,ZI
023 22,ZI
072 62,KI
090 31,PV
962 04,BC
013 54,ZI
053 05,PV
034 73,ZI
991 25,BC
991 11,BC
966 24,BC
974 01,BC
968 01,BC
044 31,KI
951 77,NI
017 05,TC
900 62,BL
962 12,BC
913 04,TC
930 34,TA
903 01,BL
972 26,TC
916 13,TC
930 03,TA
913 22,TC
962 71,BC
942 01,NI
972 41,TC
906 15,TC
094 06,PV
018 64,TC
018 31,TC
018 32,TC
,KI
040 17,KI
,KI
,KI
,KI
040 01,KI
040 14,KI
040 18,KI
040 11,KI
,KI
040 16,KI
,KI
040 11,KI
040 15,KI
,KI
,KI
,KI
040 01,KI
040 15,KI
040 17,KI
040 13,KI
040 01,KI
040 11,KI
044 54,KI
044 65,KI
044 41,KI
044 42,KI
044 45,KI
067 12,PV
919 01,TA
044 13,KI
038 41,ZI
036 01,ZI
925 09,TA
946 54,NI
013 61,ZI
985 53,BC
013 02,ZI
943 65,NI
049 42,KI
962 37,BC
991 06,BC
906 03,TA
908 63,TA
956 15,NI
935 22,NI
065 45,PV
966 15,BC
962 41,BC
027 05,ZI
086 12,PV
076 01,KI
090 22,PV
087 01,PV
967 01,BC
090 05,PV
090 05,PV
090 05,PV
916 16,TC
090 03,PV
922 02,TA
980 45,BC
982 01,BC
976 34,BC
946 03,NI
925 41,TA
960 01,BC
974 05,BC
032 33,ZI
925 91,NI
900 50,BL
027 51,ZI
044 44,KI
962 65,BC
962 65,BC
931 01,TA
935 84,NI
930 03,TA
077 01,KI
976 52,BC
980 26,BC
980 51,BC
985 41,BC
027 44,ZI
082 73,PV
956 53,TC
013 03,ZI
958 43,TC
023 02,ZI
049 45,KI
049 41,KI
072 01,KI
068 01,PV
913 33,TC
946 32,NI
059 18,PV
076 61,KI
946 36,NI
013 32,ZI
072 51,KI
065 22,PV
967 01,BC
967 01,BC
974 05,BC
072 55,KI
090 31,PV
079 01,KI
027 55,ZI
067 04,PV
962 04,BC
082 71,PV
086 04,PV
962 05,BC
962 05,BC
018 52,TC
913 11,TC
072 22,KI
916 26,TC
079 01,KI
086 04,PV
934 01,NI
059 01,PV
082 33,PV
919 24,TA
946 19,NI
022 04,ZI
032 13,ZI
985 25,BC
956 19,NI
962 12,BC
962 65,BC
982 67,BC
053 42,KI
038 54,ZI
934 01,NI
956 03,NI
090 32,PV
963 01,BC
029 54,ZI
091 01,PV
956 31,NI
086 04,PV
090 02,PV
086 04,PV
049 51,KI
979 01,BC
956 41,TC
935 75,NI
013 05,ZI
029 57,ZI
911 01,TC
911 01,TC
076 75,KI
086 12,PV
094 21,PV
900 52,BL
908 78,TA
086 44,PV
937 01,NI
013 13,ZI
967 01,BC
905 01,TA
049 32,KI
935 64,NI
086 12,PV
054 01,PV
090 16,PV
979 01,BC
086 04,PV
986 01,BC
072 32,KI
929 01,TA
908 01,TA
971 01,TC
076 12,KI
956 21,NI
032 23,ZI
082 41,PV
094 02,PV
020 62,TC
058 01,PV
930 41,TA
022 04,ZI
980 54,BC
065 48,PV
913 04,TC
974 01,BC
930 03,TA
949 01,NI
044 81,KI
930 30,TA
969 01,BC
076 02,KI
976 53,BC
,ZI
023 34,ZI
022 04,ZI
900 67,BL
962 44,BC
065 01,PV
066 01,PV
038 22,ZI
082 36,PV
082 12,PV
018 63,TC
951 77,NI
934 01,NI
076 34,KI
965 01,BC
067 71,PV
090 03,PV
022 04,ZI
962 65,BC
908 76,TA
013 31,ZI
922 04,TA
945 01,NI
023 04,ZI
086 45,PV
038 43,ZI
972 71,TC
072 37,KI
076 14,KI
072 01,KI
957 01,TC
985 45,BC
038 43,ZI
972 11,TC
032 11,ZI
020 55,TC
082 32,PV
962 63,BC
020 63,TC
020 61,TC
951 45,NI
065 46,PV
930 37,TA
951 36,NI
980 53,BC
972 42,TC
029 57,ZI
985 11,BC
966 01,BC
059 06,PV
072 54,KI
943 65,NI
076 84,KI
082 03,PV
086 06,PV
980 44,BC
059 07,PV
980 50,BC
985 13,BC
920 41,TA
991 08,BC
082 07,PV
071 01,KI
930 03,TA
065 33,PV
962 63,BC
026 01,ZI
053 13,KI
908 44,TA
982 62,BC
,NI
982 62,BC
054 01,PV
054 01,PV
054 01,PV
038 42,ZI
956 38,TC
049 14,BC
082 03,PV
929 01,TA
027 12,ZI
018 21,TC
018 21,TC
018 22,TC
018 22,TC
079 01,KI
053 21,KI
906 33,TA
913 05,TC
067 45,PV
962 21,BC
038 22,ZI
972 27,TC
013 18,ZI
013 11,ZI
013 11,ZI
013 18,ZI
034 95,ZI
981 01,BC
900 91,BL
082 71,PV
935 21,NI
972 32,TC
082 12,PV
082 15,PV
086 12,PV
941 02,NI
985 31,BC
082 36,PV
082 36,PV
946 14,NI
038 61,ZI
980 23,BC
049 42,KI
956 01,NI
032 23,ZI
032 44,ZI
034 72,ZI
031 05,ZI
034 73,ZI
033 01,ZI
032 23,ZI
034 01,ZI
034 83,ZI
059 40,PV
032 21,ZI
032 14,ZI
032 23,ZI
034 74,ZI
034 84,ZI
033 01,ZI
032 03,ZI
034 83,ZI
,ZI
032 04,ZI
033 01,ZI
031 01,ZI
034 81,ZI
962 71,BC
962 44,BC
065 31,PV
956 32,TC
956 32,TC
086 05,PV
086 05,PV
023 34,ZI
935 38,NI
029 51,ZI
976 53,BC
029 54,ZI
090 33,PV
972 27,TC
065 03,PV
962 63,BC
935 75,NI
908 63,TA
976 98,BC
086 41,PV
023 36,ZI
023 36,ZI
023 36,ZI
919 04,TA
951 92,NI
966 21,BC
966 23,BC
966 23,BC
985 54,BC
900 55,BL
072 05,KI
943 53,NI
032 14,ZI
049 18,BC
972 47,TC
059 71,PV
985 07,BC
976 55,BC
916 12,TC
067 11,PV
034 91,ZI
914 41,TC
985 11,BC
991 02,BC
080 06,PV
065 41,PV
082 42,PV
930 03,TA
976 61,BC
,BC
082 07,PV
059 31,PV
049 42,KI
053 03,PV
082 71,PV
087 01,PV
072 03,KI
034 82,ZI
072 34,KI
967 01,BC
034 82,ZI
951 88,NI
956 11,NI
941 11,NI
951 44,NI
040 15,KI
034 71,ZI
076 14,KI
916 33,TC
067 24,PV
951 23,NI
086 21,PV
962 31,BC
966 81,BC
086 05,PV
962 21,BC
980 26,BC
013 31,ZI
020 53,TC
946 14,NI
935 35,NI
985 11,BC
916 16,TC
966 22,BC
082 57,PV
013 05,ZI
957 03,TC
956 07,NI
087 01,PV
951 41,NI
061 01,PV
020 54,TC
013 05,ZI
930 32,TA
925 41,TA
972 25,TC
930 14,TA
985 13,BC
930 28,NI
034 83,ZI
922 42,TA
013 62,ZI
049 16,BC
032 15,ZI
059 13,PV
951 93,NI
919 22,TA
082 57,PV
094 31,PV
974 01,BC
061 01,PV
935 05,NI
906 05,TA
059 94,PV
094 09,PV
023 56,ZI
090 23,PV
076 32,KI
935 36,NI
930 34,TA
014 01,ZI
991 08,BC
971 01,TC
015 01,ZI
985 53,BC
094 02,PV
059 78,PV
956 54,TC
044 20,KI
945 01,NI
966 42,BC
972 42,TC
044 32,KI
930 03,TA
925 21,TA
941 45,NI
943 52,NI
943 65,NI
930 51,TA
090 24,PV
076 82,KI
984 01,BC
044 31,KI
901 01,BL
974 05,BC
935 67,NI
026 01,ZI
032 15,ZI
086 06,PV
072 06,KI
955 01,NI
958 04,TC
913 05,TC
929 01,TA
027 32,ZI
956 01,NI
929 01,TA
956 37,TC
957 01,TC
951 54,NI
943 61,NI
018 31,TC
935 21,NI
934 01,NI
958 03,TC
018 16,TC
908 74,BL
937 01,NI
922 01,TA
956 34,TC
078 01,KI
072 17,KI
956 07,NI
913 11,TC
990 01,BC
980 51,BC
076 42,KI
958 03,TC
951 82,NI
072 34,KI
951 24,NI
991 22,BC
985 26,BC
972 13,TC
935 87,NI
900 45,BL
034 01,ZI
032 34,ZI
951 34,NI
900 24,BL
026 01,ZI
951 07,NI
038 45,ZI
076 52,KI
941 10,NI
076 36,KI
934 01,NI
018 51,TC
990 01,BC
951 04,NI
930 37,TA
065 46,PV
900 44,BL
946 03,NI
937 01,NI
075 01,KI
060 01,PV
082 67,PV
080 01,PV
919 29,TA
941 45,NI
962 05,BC
951 91,NI
946 32,NI
013 32,ZI
055 01,KI
086 45,PV
900 33,BL
072 06,KI
049 34,KI
053 21,KI
013 51,ZI
036 01,ZI
903 01,BL
953 01,NI
034 95,ZI
951 88,NI
980 41,BC
947 01,NI
935 33,NI
930 39,TA
930 36,TA
985 22,BC
985 11,BC
067 32,PV
987 01,BC
059 51,PV
053 21,KI
916 16,TC
094 31,PV
059 04,PV
090 42,PV
079 01,KI
972 28,TC
925 01,TA
065 46,PV
977 03,BC
053 14,PV
020 61,TC
071 01,KI
962 65,BC
935 41,NI
090 05,PV
930 07,TA
976 52,BC
027 44,ZI
082 21,PV
044 25,KI
094 31,PV
976 96,BC
065 22,PV
026 01,ZI
026 01,ZI
068 01,PV
951 46,NI
913 05,TC
952 01,NI
049 12,KI
059 36,PV
920 61,TA
094 23,PV
962 71,BC
020 52,TC
090 41,PV
087 01,PV
930 41,TA
957 01,TC
085 01,PV
067 73,PV
930 35,TA
941 62,NI
076 14,KI
962 61,BC
094 23,PV
976 57,BC
071 01,KI
082 44,PV
049 13,BC
090 24,PV
014 01,ZI
937 01,NI
908 76,TA
946 34,NI
086 36,PV
018 57,TC
984 01,BC
044 58,KI
075 01,KI
929 01,TA
017 06,TC
900 42,BL
022 01,ZI
071 01,KI
082 71,PV
090 32,PV
082 06,PV
090 05,PV
916 12,TC
985 02,BC
985 45,BC
929 01,TA
931 01,TA
951 76,NI
949 01,NI
090 16,PV
059 76,PV
059 91,PV
053 76,KI
941 02,NI
913 21,TC
049 16,BC
055 64,KI
065 22,PV
946 37,NI
071 01,KI
082 53,PV
951 31,NI
969 82,BC
020 62,TC
072 51,KI
082 63,PV
018 03,TC
900 01,BL
067 82,PV
917 05,TA
946 33,NI
916 35,TC
916 35,TC
992 01,BC
935 39,NI
979 01,BC
951 15,NI
010 01,ZI
010 01,ZI
020 72,TC
941 04,NI
050 01,BC
026 01,ZI
045 01,KI
086 01,PV
908 65,TA
045 01,KI
072 03,KI
922 21,TA
930 03,TA
916 42,TC
908 71,TA
972 31,TC
900 46,BL
020 51,TC
925 07,TA
038 44,ZI
038 21,ZI
916 26,TC
976 13,BC
082 67,PV
913 26,TC
976 02,BC
974 01,BC
960 01,BC
090 34,PV
029 57,ZI
985 31,BC
946 32,NI
044 47,KI
991 22,BC
985 31,BC
049 01,BC
050 01,BC
049 01,BC
049 01,BC
050 01,BC
029 63,ZI
029 63,ZI
943 52,NI
,TC
902 03,BL
066 01,PV
985 53,BC
956 11,NI
935 56,NI
976 44,BC
072 21,KI
048 01,KI
956 32,TC
068 01,PV
919 06,TA
053 33,KI
029 01,ZI
943 60,NI
049 61,BC
930 06,TA
958 04,TC
924 01,TA
038 12,ZI
958 43,TC
956 35,TC
925 85,NI
013 02,ZI
985 13,BC
972 12,TC
972 12,TC
067 33,PV
930 25,TA
974 01,BC
082 12,PV
086 12,PV
955 01,NI
951 81,NI
976 97,BC
956 22,NI
053 02,PV
914 41,TC
991 26,BC
913 26,TC
980 45,BC
960 01,BC
023 41,ZI
946 51,NI
951 72,NI
951 62,NI
972 27,TC
967 01,BC
013 24,ZI
082 06,PV
020 71,TC
,NI
949 01,NI
985 57,BC
956 05,NI
956 16,NI
951 01,NI
972 13,TC
972 26,TC
972 21,TC
942 01,NI
972 22,TC
934 01,NI
027 43,ZI
922 06,TA
032 34,ZI
040 18,KI
067 34,PV
089 01,PV
982 52,BC
044 45,KI
023 21,ZI
044 15,KI
090 32,PV
090 01,PV
979 01,BC
086 36,PV
034 74,ZI
073 01,KI
094 07,PV
049 23,KI
080 06,PV
059 39,PV
090 23,PV
086 21,PV
013 06,ZI
067 11,PV
032 23,ZI
072 52,KI
086 41,PV
053 71,PV
065 02,PV
982 52,BC
049 23,KI
044 16,KI
094 21,PV
094 22,PV
023 55,ZI
044 12,KI
090 05,PV
093 01,PV
044 73,KI
044 25,KI
090 11,PV
090 11,PV
980 52,BC
082 75,PV
034 84,ZI
086 02,PV
076 17,KI
038 54,ZI
956 38,NI
020 01,TC
968 01,BC
980 34,BC
913 08,TC
023 05,ZI
935 25,NI
900 29,BL
018 51,TC
094 04,PV
916 35,TC
972 51,TC
059 86,PV
900 42,BL
065 11,PV
976 69,BC
943 42,NI
945 01,NI
044 44,KI
059 83,PV
089 01,PV
067 68,PV
945 04,NI
947 03,NI
991 05,BC
916 31,TC
951 51,NI
900 29,BL
943 42,NI
076 35,KI
044 21,KI
049 13,BC
972 71,TC
985 42,BC
900 42,BL
915 01,TC
925 22,TA
951 24,NI
940 02,NI
076 02,KI
029 55,ZI
029 63,ZI
053 31,KI
946 54,NI
935 77,NI
940 02,NI
075 01,KI
075 01,KI
985 41,BC
044 17,KI
062 01,PV
903 01,BL
985 45,BC
935 33,NI
930 38,TA
018 64,TC
935 67,NI
991 05,BC
943 04,NI
044 81,KI
013 61,ZI
076 75,KI
985 58,BC
065 42,PV
956 08,NI
951 95,NI
916 22,TC
962 23,BC
053 22,KI
930 12,TA
067 22,PV
023 35,ZI
049 35,KI
946 21,NI
930 28,TA
946 13,NI
031 04,ZI
090 42,PV
082 12,PV
053 61,KI
930 39,TA
082 57,PV
023 52,ZI
951 87,NI
067 04,PV
991 22,BC
086 46,PV
053 73,PV
053 61,KI
090 22,PV
075 01,KI
067 16,PV
082 76,PV
044 19,KI
956 41,TC
914 43,TC
076 52,KI
086 36,PV
094 01,PV
038 22,ZI
082 33,PV
059 12,PV
976 62,BC
935 51,NI
941 02,NI
044 65,KI
911 01,TC
935 25,NI
984 01,BC
913 11,TC
951 44,NI
972 02,TC
962 71,BC
991 07,BC
930 28,TA
991 25,BC
044 47,KI
919 32,TA
956 14,NI
976 33,BC
980 42,BC
029 64,ZI
029 57,ZI
029 47,ZI
027 54,ZI
029 62,ZI
027 42,ZI
027 41,ZI
053 06,PV
072 51,KI
930 02,TA
930 52,TA
911 05,TC
072 23,KI
908 63,TA
956 06,NI
083 01,PV
065 43,PV
017 01,TC
966 52,BC
044 44,KI
072 14,KI
086 12,PV
026 01,ZI
067 34,PV
086 42,PV
972 47,TC
976 45,BC
962 61,BC
980 26,BC
956 34,TC
072 55,KI
922 01,TA
082 22,PV
966 77,BC
059 79,PV
906 12,TA
991 02,BC
023 01,ZI
023 32,ZI
956 55,TC
982 62,BC
010 04,ZI
082 38,PV
985 24,BC
980 11,BC
919 43,TA
049 41,KI
946 03,NI
929 01,TA
980 23,BC
919 30,TA
018 03,TC
094 07,PV
941 11,NI
053 76,KI
072 13,KI
068 01,PV
925 92,TA
031 01,ZI
951 05,NI
985 32,BC
044 71,KI
980 23,BC
067 33,PV
916 01,TC
018 13,TC
076 62,KI
067 35,PV
026 01,ZI
949 01,NI
032 15,ZI
,TC
,TC
985 45,BC
020 53,TC
935 74,NI
065 44,PV
920 63,TA
049 32,KI
013 41,ZI
925 53,TA
929 01,TA
946 39,NI
031 01,ZI
945 04,NI
053 71,PV
919 42,TA
943 59,NI
032 21,ZI
094 31,PV
980 01,BC
072 14,KI
076 35,KI
958 03,TC
023 36,ZI
067 35,PV
922 07,TA
956 36,TC
935 03,NI
082 56,PV
044 05,KI
013 41,ZI
044 74,KI
044 74,KI
951 26,NI
900 53,BL
094 33,PV
991 06,BC
913 26,TC
072 06,KI
027 05,ZI
086 02,PV
913 26,TC
908 44,TA
082 53,PV
072 62,KI
094 31,PV
980 35,BC
072 21,KI
985 01,BC
013 53,ZI
049 35,KI
,BL
935 55,NI
072 04,KI
900 01,BL
976 43,BC
962 12,BC
962 12,BC
921 01,TA
069 01,PV
059 72,PV
900 89,BL
966 81,BC
985 53,BC
065 22,PV
065 22,PV
984 01,BC
072 54,KI
930 03,TA
094 05,PV
966 11,BC
013 53,ZI
072 22,KI
935 82,NI
935 69,NI
906 36,BL
906 35,BL
906 35,TA
900 68,BL
065 44,PV
065 45,PV
075 01,KI
985 31,BC
027 05,ZI
049 11,KI
018 26,TC
962 63,BC
044 44,KI
982 65,BC
031 01,ZI
916 23,TC
018 15,TC
969 01,BC
969 01,BC
082 37,PV
929 01,TA
032 42,ZI
027 42,ZI
906 05,TA
976 81,BC
094 09,PV
036 01,ZI
941 48,NI
976 64,BC
059 93,PV
082 12,PV
951 46,NI
013 18,ZI
018 54,TC
018 61,TC
906 11,TA
969 82,BC
072 64,KI
082 15,PV
038 52,ZI
955 01,NI
972 42,TC
080 06,PV
962 63,BC
962 63,BC
018 13,TC
976 13,BC
985 51,BC
916 16,TC
974 01,BC
094 31,PV
935 27,NI
956 52,TC
017 01,TC
916 22,TC
065 03,PV
065 41,PV
053 73,PV
985 54,BC
064 01,PV
018 22,TC
059 56,PV
033 01,ZI
017 04,TC
018 52,TC
916 16,TC
023 57,ZI
962 61,BC
065 44,PV
906 05,TA
022 01,ZI
976 69,BC
976 69,BC
951 02,NI
976 56,BC
976 62,BC
935 62,NI
956 38,TC
026 01,ZI
053 05,PV
076 84,KI
038 22,ZI
086 11,PV
907 01,TC
985 45,BC
985 13,BC
982 62,BC
976 02,BC
974 01,BC
913 32,TC
951 15,NI
981 01,BC
082 73,PV
976 66,BC
962 63,BC
987 01,BC
013 13,ZI
972 16,TC
980 13,BC
053 05,PV
976 33,BC
976 33,BC
976 33,BC
058 01,PV
044 24,KI
982 67,BC
908 61,TA
053 23,KI
906 22,TC
072 55,KI
972 11,TC
072 32,KI
013 11,ZI
067 41,PV
072 61,KI
086 12,PV
920 56,TA
094 21,PV
930 34,TA
991 22,BC
023 56,ZI
034 83,ZI
982 67,BC
013 62,ZI
082 71,PV
091 01,PV
091 01,PV
930 52,TA
916 25,TC
916 26,TC
,TC
017 05,TC
017 04,TC
010 03,ZI
023 33,ZI
929 01,TA
976 55,BC
941 51,NI
072 01,KI
976 64,BC
991 03,BC
985 11,BC
055 62,KI
956 22,NI
922 11,TA
972 16,TC
991 21,BC
956 35,TC
017 01,TC
955 01,NI
018 15,TC
976 63,BC
013 55,ZI
013 51,ZI
023 54,ZI
049 01,BC
977 01,BC
018 41,TC
969 73,BC
956 12,NI
936 01,NI
966 01,BC
,PV
991 25,BC
076 51,KI
946 55,NI
027 41,ZI
029 57,ZI
991 01,BC
038 42,ZI
032 42,ZI
976 11,BC
038 61,ZI
072 61,KI
991 02,BC
906 15,TC
906 11,TA
908 49,TA
906 34,TA
971 01,TC
971 01,TC
971 01,TC
971 01,TC
971 01,TC
971 01,TC
987 01,BC
049 14,BC
090 05,PV
953 05,NI
059 12,PV
067 66,PV
094 08,PV
082 14,PV
966 04,BC
094 31,PV
032 23,ZI
018 01,TC
974 01,BC
053 76,KI
985 41,BC
018 52,TC
957 03,TC
018 22,TC
966 53,BC
090 05,PV
962 12,BC
014 01,ZI
067 41,PV
076 77,KI
026 01,ZI
020 01,TC
935 05,NI
922 11,TA
976 52,BC
072 22,KI
065 41,PV
925 54,TA
925 28,TA
951 75,NI
082 14,PV
029 44,ZI
029 45,ZI
972 22,TC
076 37,KI
082 42,PV
941 47,NI
908 47,TA
956 41,TC
980 42,BC
972 48,TC
023 36,ZI
090 42,PV
956 05,NI
908 63,TA
919 30,TA
023 04,ZI
974 05,BC
946 38,NI
067 01,PV
094 31,PV
985 58,BC
094 05,PV
956 32,NI
015 01,ZI
013 15,ZI
013 13,ZI
916 31,TC
044 16,KI
049 61,BC
049 61,BC
023 51,ZI
089 01,PV
053 76,KI
956 41,TC
962 65,BC
072 03,KI
922 08,TA
049 31,KI
038 42,ZI
039 01,ZI
059 76,PV
980 21,BC
974 05,BC
044 45,KI
985 31,BC
086 41,PV
919 05,TA
930 39,TA
941 08,NI
982 62,BC
013 51,ZI
986 01,BC
982 65,BC
920 42,TA
038 54,ZI
982 65,BC
982 67,BC
982 67,BC
982 66,BC
922 31,TA
082 66,PV
972 31,TC
018 03,TC
976 97,BC
013 62,ZI
027 05,ZI
053 32,KI
082 61,PV
903 01,BL
925 26,BL
086 33,PV
049 26,KI
059 04,PV
972 51,TC
094 31,PV
072 41,KI
082 63,PV
913 33,TC
067 04,PV
966 03,BC
982 65,BC
044 73,KI
086 21,PV
027 54,ZI
966 81,BC
050 01,BC
049 18,BC
050 01,BC
072 16,KI
974 01,BC
980 45,BC
023 22,ZI
023 05,ZI
022 01,ZI
053 51,KI
085 01,PV
980 53,BC
980 61,BC
980 42,BC
979 01,BC
980 54,BC
980 01,BC
980 53,BC
951 21,NI
906 04,TA
930 30,TA
935 34,NI
094 07,PV
906 38,BL
049 36,KI
034 92,ZI
082 41,PV
086 01,PV
067 13,PV
068 01,PV
013 22,ZI
053 02,PV
067 02,PV
049 35,KI
905 01,TA
900 41,BL
985 24,BC
018 03,TC
067 32,PV
090 16,PV
982 67,BC
906 33,TA
044 42,KI
937 01,NI
049 32,KI
090 11,PV
913 11,TC
082 71,PV
048 01,KI
048 01,KI
049 31,KI
913 26,TC
913 22,TC
941 36,NI
972 48,TC
023 31,ZI
023 31,ZI
023 31,ZI
094 35,PV
974 11,BC
048 01,KI
053 23,KI
972 26,TC
044 23,KI
906 23,TC
038 22,ZI
966 51,BC
951 37,NI
980 50,BC
067 65,PV
076 77,KI
072 64,KI
094 07,PV
080 05,PV
094 08,PV
094 31,PV
065 42,PV
067 72,PV
082 42,PV
044 19,KI
072 42,KI
956 54,TC
072 64,KI
067 66,PV
065 02,PV
985 52,BC
919 61,TA
,ZI
919 01,TA
985 42,BC
956 36,TC
962 31,BC
023 22,ZI
034 01,ZI
906 04,TA
935 23,NI
982 65,BC
916 11,TC
969 01,BC
962 55,BC
083 01,PV
979 01,BC
094 13,PV
018 16,TC
958 44,TC
044 41,KI
985 03,BC
943 61,NI
082 36,PV
962 31,BC
935 87,NI
930 06,TA
930 37,TA
962 62,BC
982 65,BC
920 65,TA
974 11,BC
018 52,TC
935 85,NI
974 01,BC
974 01,BC
972 05,TC
962 66,BC
972 26,TC
991 10,BC
078 01,KI
094 14,PV
027 55,ZI
082 43,PV
913 11,TC
094 09,PV
018 54,TC
072 51,KI
908 80,TA
991 27,BC
962 51,BC
976 11,BC
980 13,BC
913 36,TC
044 71,KI
991 06,BC
925 72,NI
941 32,NI
023 55,ZI
044 58,KI
903 01,BL
082 03,PV
905 01,TA
974 01,BC
072 13,KI
991 01,BC
962 43,BC
926 01,TA
013 53,ZI
080 06,PV
962 31,BC
082 52,PV
029 46,ZI
022 04,ZI
976 53,BC
937 01,NI
943 59,NI
951 24,NI
920 52,TA
049 52,KI
049 11,KI
049 43,KI
049 64,BC
076 03,KI
969 01,BC
962 65,BC
091 01,PV
958 53,TC
913 31,TC
909 01,TA
976 81,BC
023 14,ZI
913 31,TC
913 31,TC
044 11,KI
982 62,BC
991 05,BC
038 03,ZI
038 03,ZI
038 47,ZI
966 03,BC
962 12,BC
094 33,PV
974 01,BC
951 85,NI
925 21,TA
987 01,BC
044 17,KI
044 17,KI
962 05,BC
029 01,ZI
044 17,KI
044 18,KI
966 22,BC
935 84,NI
956 53,TC
962 01,BC
956 53,TC
962 25,BC
053 61,KI
049 11,KI
072 17,KI
018 54,TC
049 34,KI
049 36,KI
951 71,NI
951 52,NI
962 31,BC
962 31,BC
962 25,BC
072 37,KI
076 12,KI
980 23,BC
013 54,ZI
018 21,TC
038 43,ZI
094 02,PV
976 13,BC
919 42,TA
059 02,PV
067 22,PV
991 07,BC
991 02,BC
067 13,PV
076 33,KI
925 41,TA
038 22,ZI
900 26,BL
053 40,KI
086 33,PV
053 11,KI
919 04,TA
919 04,TA
908 42,TA
055 65,KI
055 66,KI
906 03,TA
032 05,ZI
086 06,PV
023 32,ZI
069 01,PV
962 05,BC
913 38,TC
090 42,PV
906 05,TA
979 01,BC
073 01,KI
073 01,KI
038 43,ZI
044 31,KI
044 57,KI
946 17,NI
946 14,NI
951 46,NI
922 31,TA
094 35,PV
956 17,NI
956 38,NI
080 05,PV
972 13,TC
013 62,ZI
076 53,KI
090 31,PV
906 37,BL
972 25,TC
076 35,KI
067 22,PV
905 01,TA
059 01,PV
,KI
058 01,PV
061 01,PV
059 34,PV
059 18,PV
059 04,PV
053 04,PV
052 01,KI
053 61,KI
053 02,PV
053 63,KI
059 14,PV
053 14,PV
026 01,ZI
067 61,PV
067 61,PV
972 28,TC
076 16,KI
034 92,ZI
072 21,KI
076 61,KI
980 34,BC
023 04,ZI
930 34,TA
985 11,BC
962 25,BC
968 01,BC
965 01,BC
916 35,TC
059 52,PV
064 01,PV
907 01,TC
916 01,TC
053 34,KI
072 23,KI
976 02,BC
065 46,PV
982 01,BC
935 56,NI
062 01,PV
935 26,NI
023 53,ZI
090 23,PV
086 33,PV
086 33,PV
013 32,ZI
018 03,TC
031 04,ZI
059 94,PV
962 12,BC
065 33,PV
013 25,ZI
059 76,PV
982 51,BC
013 13,ZI
049 71,KI
013 04,ZI
908 41,TA
058 01,PV
059 01,PV
076 52,KI
010 01,ZI
072 22,KI
013 24,ZI
076 31,KI
034 74,ZI
991 24,BC
935 81,NI
034 84,ZI
941 37,NI
020 54,TC
982 62,BC
976 55,BC
072 13,KI
072 13,KI
020 01,TC
980 25,BC
067 73,PV
089 01,PV
091 01,PV
980 34,BC
900 46,BL
053 04,PV
972 28,TC
908 75,BL
034 96,ZI
086 43,PV
900 31,BL
018 12,TC
038 52,ZI
962 71,BC
962 71,BC
090 23,PV
082 43,PV
027 13,ZI
919 01,TA
991 35,BC
071 01,KI
991 03,BC
900 64,BL
067 02,PV
951 25,NI
065 46,PV
013 52,ZI
956 14,NI
916 01,TC
980 12,BC
980 01,BC
032 33,ZI
076 35,KI
951 16,NI
072 55,KI
941 48,NI
076 83,KI
969 72,BC
900 21,BL
032 11,ZI
935 25,NI
946 57,NI
013 32,ZI
017 01,TC
086 02,PV
980 52,BC
067 16,PV
090 02,PV
089 01,PV
082 32,PV
044 45,KI
076 37,KI
913 24,TC
059 21,PV
943 54,NI
937 01,NI
956 06,NI
023 12,ZI
053 76,KI
936 01,NI
972 41,TC
906 07,TA
,NI
925 54,TA
956 06,NI
080 01,PV
974 01,BC
935 71,NI
022 01,ZI
065 45,PV
931 01,TA
072 01,KI
916 42,TC
091 01,PV
935 33,NI
982 62,BC
090 42,PV
985 32,BC
090 05,PV
082 12,PV
082 14,PV
082 05,PV
086 37,PV
082 73,PV
065 48,PV
080 06,PV
082 32,PV
082 22,PV
082 66,PV
090 42,PV
943 42,NI
935 52,NI
086 12,PV
965 01,BC
908 41,TA
908 41,TA
985 41,BC
017 04,TC
919 09,TA
090 03,PV
044 21,KI
900 81,BL
985 58,BC
086 22,PV
986 01,BC
980 03,BC
082 36,PV
925 51,TA
962 68,BC
956 53,TC
922 03,TA
930 03,TA
991 27,BC
980 02,BC
027 41,ZI
082 37,PV
956 38,TC
049 14,BC
013 54,ZI
022 04,ZI
991 25,BC
972 28,TC
067 73,PV
985 07,BC
022 01,ZI
925 52,TA
919 51,TA
974 01,BC
980 23,BC
946 32,NI
968 01,BC
941 37,NI
906 45,TA
027 44,ZI
900 86,BL
082 35,PV
094 01,PV
951 15,NI
053 51,KI
969 01,BC
090 42,PV
922 03,TA
969 81,BC
034 01,ZI
976 81,BC
013 55,ZI
972 48,TC
951 01,NI
049 32,KI
962 05,BC
044 26,KI
044 26,KI
059 37,PV
059 38,PV
059 85,PV
925 52,TA
980 45,BC
976 02,BC
946 13,NI
,NI
913 05,TC
930 40,TA
015 01,ZI
991 01,BC
930 33,TA
920 03,TA
976 71,BC
059 39,PV
942 01,NI
951 26,NI
980 33,BC
919 25,TA
972 01,TC
038 54,ZI
976 69,BC
059 12,PV
053 34,KI
034 91,ZI
906 05,TA
072 14,KI
980 34,BC
952 01,NI
976 34,BC
082 12,PV
029 57,ZI
029 51,ZI
922 08,TA
086 01,PV
072 52,KI
059 56,PV
059 54,PV
059 60,PV
059 60,PV
062 01,PV
059 41,PV
059 60,PV
062 01,PV
935 35,NI
920 62,TA
966 52,BC
935 25,NI
935 41,NI
966 54,NI
935 51,NI
976 73,BC
951 61,NI
972 29,TC
969 82,BC
044 31,KI
052 01,KI
013 01,ZI
920 66,TA
980 23,BC
962 68,BC
013 06,ZI
080 05,PV
082 67,PV
956 21,NI
951 76,NI
951 76,NI
925 82,NI
936 01,NI
049 12,KI
073 01,KI
053 33,KI
082 74,PV
956 52,TC
091 01,PV
980 61,BC
935 21,NI
018 54,TC
929 01,TA
985 22,BC
090 34,PV
925 04,TA
900 44,BL
980 21,BC
985 56,BC
036 01,ZI
930 38,TA
067 65,PV
071 01,KI
,NI
951 93,NI
916 01,TC
925 92,TA
930 11,TA
067 45,PV
059 95,PV
982 01,BC
082 76,PV
053 71,PV
094 01,PV
094 01,PV
955 01,NI
946 15,NI
919 33,TA
941 46,NI
946 19,NI
922 10,TA
044 81,KI
985 31,BC
956 53,TC
075 01,KI
038 41,ZI
991 27,BC
985 32,BC
914 01,TC
913 21,TC
914 41,TC
913 07,TC
913 22,TC
913 22,TC
913 11,TC
914 51,TC
,TC
930 13,TA
072 04,KI
937 01,NI
,TA
966 11,BC
072 31,KI
078 01,KI
913 33,TC
930 32,TA
962 34,BC
082 12,PV
010 01,ZI
908 51,TA
925 71,NI
038 41,ZI
086 41,PV
023 56,ZI
962 44,BC
044 45,KI
053 63,KI
028 01,ZI
930 04,TA
032 21,ZI
044 11,KI
925 42,TA
018 22,TC
919 05,TA
966 23,BC
985 12,BC
082 07,PV
018 55,TC
082 13,PV
018 63,TC
935 84,NI
935 51,NI
907 03,TC
038 53,ZI
090 33,PV
067 23,PV
038 48,ZI
958 44,TC
038 51,ZI
038 02,ZI
038 61,ZI
039 01,ZI
038 43,ZI
039 01,ZI
038 41,ZI
049 18,BC
976 02,BC
903 01,BL
985 22,BC
013 12,ZI
034 83,ZI
023 54,ZI
044 02,KI
044 02,KI
962 34,BC
023 54,ZI
072 02,KI
072 02,KI
972 14,TC
032 23,ZI
059 71,PV
956 22,NI
027 44,ZI
941 10,NI
022 01,ZI
023 11,ZI
023 11,ZI
023 11,ZI
023 11,ZI
023 11,ZI
022 01,ZI
067 73,PV
072 42,KI
067 31,PV
985 54,BC
018 01,TC
018 03,TC
065 45,PV
935 05,NI
055 66,KI
032 03,ZI
985 25,BC
956 41,TC
956 41,TC
913 31,TC
974 01,BC
941 03,NI
067 67,PV
067 67,PV
053 71,PV
962 41,BC
908 46,TA
018 01,TC
076 16,KI
956 02,NI
028 01,ZI
059 11,PV
985 06,BC
082 66,PV
980 22,BC
082 63,PV
082 61,PV
916 13,TC
090 03,PV
925 62,TA
951 88,NI
044 43,KI
976 98,BC
044 13,KI
976 46,BC
972 28,TC
034 96,ZI
066 01,PV
038 35,ZI
038 43,ZI
976 02,BC
067 01,PV
982 52,BC
090 42,PV
976 69,BC
985 03,BC
086 41,PV
029 52,ZI
090 02,PV
086 36,PV
090 23,PV
082 05,PV
013 03,ZI
919 25,TA
029 51,ZI
029 01,ZI
094 31,PV
032 42,ZI
032 61,ZI
044 02,KI
980 50,BC
979 01,BC
076 35,KI
980 34,BC
094 12,PV
947 01,NI
076 15,KI
913 04,TC
951 71,NI
027 54,ZI
058 01,PV
076 32,KI
930 34,TA
014 01,ZI
991 09,BC
971 01,TC
015 01,ZI
951 15,NI
985 53,BC
059 78,PV
946 03,NI
913 24,TC
044 55,KI
966 41,BC
972 42,TC
065 34,PV
044 81,KI
059 52,PV
930 03,TA
962 31,BC
925 32,TA
941 45,NI
985 32,BC
930 51,TA
980 13,BC
076 82,KI
951 13,NI
985 01,BC
991 10,BC
955 01,NI
958 04,TC
913 11,TC
930 01,TA
027 32,ZI
985 32,BC
985 42,BC
956 54,TC
956 01,NI
929 01,TA
956 38,TC
956 55,TC
951 54,NI
079 01,KI
946 21,NI
922 07,TA
018 31,TC
935 21,NI
934 01,NI
958 03,TC
908 73,BL
941 42,NI
935 65,NI
922 01,TA
956 34,TC
078 01,KI
966 74,BC
076 75,KI
072 43,KI
956 07,NI
013 62,ZI
076 77,KI
913 11,TC
990 01,BC
980 51,BC
076 42,KI
935 81,NI
958 41,TC
925 22,TA
951 82,NI
072 34,KI
951 35,NI
991 23,BC
091 01,PV
951 34,NI
900 24,BL
980 22,BC
026 01,ZI
951 05,NI
038 45,ZI
935 34,NI
937 01,NI
055 51,KI
925 27,TA
945 01,NI
076 52,KI
076 36,KI
958 45,TC
018 51,TC
990 01,BC
941 07,NI
951 04,NI
930 37,TA
946 12,NI
065 33,PV
991 03,BC
932 01,TA
946 03,NI
937 01,NI
075 01,KI
059 91,PV
082 67,PV
082 21,PV
067 31,PV
955 01,NI
059 17,PV
935 52,NI
922 08,TA
031 04,ZI
985 59,BC
962 63,BC
049 11,KI
908 62,TA
908 63,TA
916 26,TC
930 02,TA
965 01,BC
972 45,TC
991 02,BC
020 01,TC
980 21,BC
951 52,NI
962 02,BC
962 25,BC
059 19,PV
991 28,BC
979 01,BC
076 31,KI
900 23,BL
072 31,KI
951 06,NI
901 01,BL
925 55,TA
902 01,BL
946 02,NI
946 38,NI
065 41,PV
090 21,PV
018 61,TC
076 61,KI
013 23,ZI
013 55,ZI
916 16,TC
982 62,BC
900 85,BL
031 04,ZI
027 12,ZI
082 38,PV
067 24,PV
053 63,KI
094 31,PV
090 23,PV
049 24,KI
032 13,ZI
032 13,ZI
925 84,NI
913 33,TC
908 62,TA
919 23,TA
957 03,TC
985 26,BC
976 31,BC
946 54,NI
941 44,NI
034 03,ZI
018 03,TC
059 72,PV
059 71,PV
900 44,BL
980 44,BC
919 42,TA
076 72,KI
076 22,KI
076 83,KI
930 31,TA
053 61,KI
059 02,PV
072 61,KI
930 38,TA
091 01,PV
022 01,ZI
072 21,KI
067 01,PV
951 87,NI
966 81,BC
925 05,TA
956 05,NI
935 61,NI
952 01,NI
908 49,TA
930 25,TA
010 14,ZI
093 01,PV
,PV
972 24,TC
930 08,TA
072 16,KI
059 72,PV
945 01,NI
906 06,TC
980 52,BC
922 03,TA
071 01,KI
991 06,BC
962 05,BC
023 22,ZI
023 55,ZI
976 53,BC
017 05,TC
038 31,ZI
018 52,TC
017 05,TC
038 61,ZI
044 13,KI
044 47,KI
059 02,PV
071 01,KI
951 25,NI
951 44,NI
068 01,PV
930 16,TA
020 53,TC
059 14,PV
976 52,BC
080 01,PV
966 02,BC
032 32,ZI
023 05,ZI
067 16,PV
080 01,PV
072 14,KI
956 35,TC
082 74,PV
969 01,BC
023 55,ZI
072 14,KI
900 66,BL
062 01,PV
972 13,TC
090 21,PV
935 77,NI
032 34,ZI
040 18,KI
067 34,PV
089 01,PV
982 52,BC
044 45,KI
023 21,ZI
044 15,KI
090 32,PV
090 01,PV
979 01,BC
086 36,PV
034 74,ZI
072 41,KI
094 07,PV
049 26,KI
080 06,PV
090 23,PV
086 21,PV
059 84,PV
067 11,PV
032 23,ZI
935 31,NI
072 51,KI
086 41,PV
072 41,KI
053 71,PV
072 43,KI
065 02,PV
982 52,BC
044 16,KI
090 34,PV
067 32,PV
094 09,PV
023 55,ZI
044 12,KI
090 05,PV
023 54,ZI
086 45,PV
026 01,ZI
044 74,KI
044 25,KI
090 11,PV
090 11,PV
980 52,BC
053 73,PV
034 84,ZI
086 02,PV
094 33,PV
028 01,ZI
911 06,TC
038 03,ZI
082 53,PV
027 54,ZI
913 07,TC
032 23,ZI
044 02,KI
977 01,BC
980 42,BC
010 03,ZI
053 33,KI
072 53,KI
991 06,BC
966 81,BC
901 01,BL
900 65,BL
955 01,NI
082 16,PV
968 01,BC
979 01,BC
962 63,BC
029 56,ZI
023 11,ZI
023 02,ZI
937 01,NI
059 04,PV
900 28,BL
072 34,KI
911 05,TC
976 97,BC
094 15,PV
962 12,BC
013 32,ZI
020 52,TC
017 05,TC
026 01,ZI
010 03,ZI
076 53,KI
023 55,ZI
036 01,ZI
054 01,PV
094 08,PV
951 87,NI
955 01,NI
991 21,BC
956 41,TC
053 33,KI
066 01,PV
072 33,KI
082 67,PV
976 67,BC
919 26,TA
032 02,ZI
908 72,BL
010 04,ZI
023 54,ZI
065 46,PV
027 05,ZI
078 01,KI
916 16,TC
951 42,NI
067 68,PV
067 13,PV
020 51,TC
086 33,PV
023 03,ZI
935 55,NI
067 01,PV
067 12,PV
072 23,KI
013 19,ZI
044 41,KI
987 01,BC
919 21,TA
947 01,NI
027 43,ZI
946 14,NI
018 15,TC
972 43,TC
913 05,TC
913 22,TC
913 07,TC
925 54,TA
017 07,TC
962 41,BC
941 22,NI
076 34,KI
076 16,KI
072 36,KI
072 13,KI
076 64,KI
067 77,PV
076 01,KI
076 05,KI
072 17,KI
076 02,KI
076 16,KI
082 12,PV
023 55,ZI
082 52,PV
044 61,KI
945 01,NI
086 01,PV
930 39,TA
,NI
946 12,NI
094 33,PV
956 37,TC
951 91,NI
976 69,BC
985 03,BC
911 05,TC
018 32,TC
949 01,NI
900 51,BL
962 21,BC
991 22,BC
020 64,TC
027 32,ZI
067 33,PV
985 51,BC
029 43,ZI
,BC
962 01,BC
919 01,TA
071 01,KI
962 05,BC
038 40,ZI
958 52,TC
916 16,TC
055 71,KI
059 73,PV
969 82,BC
094 03,PV
013 62,ZI
044 02,KI
966 81,BC
966 81,BC
027 21,ZI
082 67,PV
072 16,KI
044 11,KI
059 55,PV
082 06,PV
053 61,KI
962 34,BC
049 64,BC
087 01,PV
032 15,ZI
937 01,NI
086 44,PV
962 12,BC
991 06,BC
935 02,NI
935 57,NI
032 05,ZI
982 01,BC
965 01,BC
963 01,BC
925 83,NI
985 45,BC
991 03,BC
951 92,NI
,ZI
010 01,ZI
980 21,BC
082 41,PV
951 74,NI
044 45,KI
946 38,NI
951 97,NI
952 01,NI
956 41,TC
956 41,TC
920 42,TA
018 03,TC
080 01,PV
966 71,BC
